1361384486.941735546,0.592529,-0.196289,-0.700439,-0.229492,-69.366409,54.129772,-66.251907
1361384486.943719189,0.631348,-0.178955,-0.662109,-0.227539,-72.572517,61.053436,-65.595421
1361384486.945519726,0.657227,-0.138916,-0.620361,-0.226562,-73.427483,67.541985,-67.625954
1361384486.947289745,0.639160,-0.054932,-0.627686,-0.228516,-77.526718,73.000000,-72.595421
1361384486.949090282,0.639404,-0.044678,-0.711182,-0.226562,-85.267174,69.015266,-75.366409
1361384486.950829785,0.635742,-0.009521,-0.673340,-0.226562,-90.648857,69.977097,-82.328247
1361384486.952630322,0.662109,0.034424,-0.618896,-0.227539,-98.389313,73.343513,-91.694656
1361384486.954369824,0.638672,-0.022217,-0.554199,-0.227539,-102.839691,74.885498,-90.854965
1361384486.956109326,0.666016,0.071533,-0.577393,-0.225586,-107.854965,70.534348,-91.923668
1361384486.957818310,0.666748,0.021484,-0.660645,-0.226562,-118.061066,60.541985,-86.259544
1361384486.959557812,0.706543,0.109863,-0.563477,-0.228516,-127.526718,58.221375,-77.992363
1361384486.961266797,0.742432,0.162354,-0.564697,-0.226562,-143.091599,57.809162,-67.290077
1361384486.963006299,0.760010,0.197998,-0.485352,-0.224609,-158.343506,62.740459,-63.152672
1361384486.964715283,0.770264,0.210938,-0.452881,-0.226562,-174.526718,80.877861,-67.236641
1361384486.966424268,0.824219,0.150391,-0.130859,-0.226562,-190.458008,117.419846,-74.366409
1361384486.968163769,0.708740,-0.122559,-1.014648,-0.228516,-212.290070,89.274811,-65.748093
1361384486.969872754,0.801270,0.053955,-0.851318,-0.227539,-213.885498,68.679390,-80.755722
1361384486.971856397,0.722656,-0.147949,-0.814209,-0.226562,-232.824432,74.816795,-83.778625
1361384486.973717969,0.752930,-0.160400,-0.785645,-0.227539,-235.580154,69.221375,-94.366409
1361384486.975579541,0.720459,-0.207520,-0.771973,-0.226562,-228.236649,60.847328,-97.061066
1361384486.977410596,0.636475,-0.273438,-0.713135,-0.225586,-226.221375,71.030533,-91.160309
1361384486.979272168,0.887939,-0.089111,-0.870117,-0.226562,-243.809158,72.587784,-94.893127
1361384486.981133741,0.792480,-0.057373,-0.895264,-0.227539,-241.702286,62.206108,-105.122139
1361384486.982995313,0.833496,-0.039551,-0.800781,-0.226562,-240.442749,57.335876,-112.740456
1361384486.984856886,0.760986,-0.129395,-0.554932,-0.225586,-231.099243,63.603054,-110.458015
1361384486.986718458,0.903320,0.077637,-0.613770,-0.228516,-233.496185,75.435112,-116.748093
1361384486.988580030,0.847900,0.041016,-0.690918,-0.226562,-236.160309,75.175575,-124.549622
1361384486.990441603,0.890869,0.010254,-0.757812,-0.226562,-236.625961,72.923668,-125.847328
1361384486.992272657,0.984619,-0.038818,-0.896973,-0.225586,-233.129776,65.961830,-128.770996
1361384486.994134230,1.013428,-0.105225,-0.841309,-0.226562,-226.328247,74.381676,-128.603058
1361384486.995995802,1.013672,-0.092285,-0.689453,-0.227539,-220.832062,93.221375,-124.282440
1361384486.997857374,1.045166,-0.175537,-0.935059,-0.225586,-221.129776,89.816795,-110.778625
1361384486.999718946,1.194336,-0.167480,-0.833740,-0.228516,-187.984726,72.954201,-92.984734
1361384487.001580519,1.165527,0.217285,-1.051514,-0.227539,-165.564880,71.160309,-89.816795
1361384487.003411574,1.230469,0.092529,-1.049072,-0.224609,-171.648849,53.687023,-75.618324
1361384487.005212111,1.140381,0.057617,-1.139160,-0.225586,-168.664124,48.396946,-47.305344
1361384487.007043166,1.310059,0.120117,-1.062012,-0.229492,-163.931305,53.519085,-34.129772
1361384487.008874220,1.164551,0.086670,-0.856201,-0.226562,-152.755722,68.557251,-21.564886
1361384487.010735793,1.243164,0.143555,-1.078613,-0.227539,-146.519089,63.541985,-15.282443
1361384487.012597365,1.127930,0.052246,-1.048096,-0.224609,-134.656494,55.320610,-6.190840
1361384487.014458937,1.233887,0.183594,-0.973633,-0.225586,-121.083969,58.870228,-9.763359
1361384487.016289992,1.126709,0.140625,-1.068359,-0.228516,-108.366409,53.511452,-12.267176
1361384487.018151564,1.152100,0.275146,-0.887451,-0.225586,-97.480919,53.290077,-20.053434
1361384487.020013137,1.088379,0.251953,-0.909424,-0.226562,-96.793892,44.625954,-21.351145
1361384487.021874709,1.074219,0.393066,-0.950684,-0.227539,-101.282440,35.000000,-23.396946
1361384487.023736282,1.067139,0.214355,-0.852051,-0.224609,-106.862595,36.320610,-16.076336
1361384487.025597854,1.073486,0.208008,-0.656006,-0.225586,-98.198471,49.305344,-6.610687
1361384487.027459426,1.181885,0.168213,-0.455322,-0.226562,-91.885498,92.389313,3.374046
1361384487.029290481,1.042480,0.211182,-0.862549,-0.226562,-103.022903,68.648857,9.190840
1361384487.031152053,0.864746,0.403809,-1.122314,-0.226562,-93.534348,25.274809,7.503817
1361384487.033013626,1.067627,0.213623,-0.730225,-0.227539,-89.450378,34.435116,7.465649
1361384487.034875198,1.032471,0.148682,-0.838379,-0.224609,-81.137405,35.374046,12.290076
1361384487.036736770,0.998535,0.163574,-0.827637,-0.227539,-73.351143,34.320610,17.145039
1361384487.038567825,1.015381,0.200684,-0.984619,-0.229492,-70.839691,25.366413,18.022902
1361384487.040429398,0.999268,0.155518,-0.910400,-0.226562,-62.076336,19.587786,20.435114
1361384487.042352005,1.083496,0.193604,-0.741943,-0.228516,-44.427483,29.091602,20.816793
1361384487.044213577,1.091309,0.250977,-0.751221,-0.226562,-34.198475,34.122139,17.000000
1361384487.046075149,0.964111,0.220947,-1.013672,-0.228516,-32.427483,15.633588,22.511450
1361384487.047906204,1.033936,0.238281,-0.972900,-0.227539,-20.305344,4.954198,27.740458
1361384487.049767776,1.079102,0.306152,-0.802490,-0.228516,-8.763359,9.366412,28.366413
1361384487.051629349,1.085205,0.355225,-0.945312,-0.225586,-6.763359,-0.358779,29.854961
1361384487.053490921,1.115723,0.373535,-0.997559,-0.228516,-4.938931,-13.618320,36.458015
1361384487.055352494,1.167725,0.395996,-0.870850,-0.227539,3.885496,-13.580153,42.809162
1361384487.057214066,1.207764,0.419922,-0.891113,-0.227539,13.381680,-11.809160,46.106869
1361384487.059045120,1.223633,0.422607,-0.954102,-0.228516,23.709923,-22.740458,52.603054
1361384487.060906693,1.208008,0.414307,-0.989502,-0.227539,37.022900,-27.167938,57.984734
1361384487.062737748,1.223877,0.440430,-0.957275,-0.226562,51.511452,-28.641222,57.801525
1361384487.064568803,1.240234,0.332031,-1.001221,-0.227539,65.061066,-35.480915,63.000000
1361384487.066399857,1.228516,0.389893,-1.032227,-0.225586,85.503815,-45.549618,66.190842
1361384487.068230912,1.187012,0.288330,-0.963135,-0.226562,104.251907,-52.671757,70.007637
1361384487.070061967,1.238037,0.278564,-0.880859,-0.229492,126.435112,-57.702290,78.015266
1361384487.071923539,1.229492,0.302979,-0.976074,-0.228516,145.343506,-73.381676,79.297707
1361384487.073785112,1.164062,0.230957,-1.038086,-0.227539,158.618317,-86.465652,84.038170
1361384487.075616166,1.163574,0.281494,-0.908447,-0.228516,172.908401,-86.954201,80.549622
1361384487.077477738,1.050049,0.306396,-1.012207,-0.227539,178.358780,-94.938934,70.473282
1361384487.079339311,0.907227,0.250244,-0.769043,-0.226562,183.473282,-92.931297,61.229008
1361384487.081200883,0.958252,0.181396,-0.740967,-0.227539,189.839691,-84.740456,53.335876
1361384487.083031938,0.914307,0.101807,-0.945557,-0.227539,192.900757,-94.465652,53.961834
1361384487.084862993,0.882568,0.045410,-0.899902,-0.228516,199.442749,-101.206108,60.625954
1361384487.086694047,0.860596,0.167969,-0.745361,-0.227539,199.503815,-94.694656,60.534351
1361384487.088525102,0.815674,0.105957,-0.621582,-0.226562,198.206100,-88.824425,66.549622
1361384487.090966509,0.842041,0.246582,-0.809082,-0.227539,190.145035,-95.274811,68.618324
1361384487.092828081,0.781494,0.233154,-0.718506,-0.226562,185.938934,-94.854965,63.404579
1361384487.094689653,0.704590,0.094727,-0.687988,-0.227539,179.671753,-92.076332,71.053436
1361384487.096551226,0.748779,0.040283,-0.752686,-0.226562,178.603058,-92.122139,74.442749
1361384487.098412798,0.686768,0.037109,-0.546875,-0.227539,183.610687,-70.709923,80.343513
1361384487.100274371,0.690430,0.138916,-0.714355,-0.228516,179.366409,-64.519081,76.709923
1361384487.102135943,0.666260,0.184326,-0.892578,-0.227539,176.969467,-81.755722,66.908394
1361384487.103966997,0.678467,0.134033,-0.901855,-0.226562,175.931305,-94.152672,64.603050
1361384487.105828570,0.731445,0.092773,-0.620605,-0.227539,188.290070,-83.625954,66.213737
1361384487.107690142,0.720703,0.026611,-0.700684,-0.226562,187.022903,-74.717560,69.534348
1361384487.109551714,0.670654,0.031494,-0.693359,-0.227539,191.984726,-73.961830,72.946564
1361384487.111413287,0.685059,0.135254,-0.736572,-0.228516,189.900757,-73.099236,70.519081
1361384487.113274859,0.615967,0.075439,-0.746338,-0.227539,186.015274,-76.244278,73.519081
1361384487.115105914,0.554932,-0.007080,-0.605225,-0.226562,183.045807,-70.396950,82.000000
1361384487.116967486,0.626953,0.179443,-0.652832,-0.227539,175.694656,-61.847328,80.229004
1361384487.118829058,0.450684,0.056641,-0.664551,-0.228516,173.045807,-73.801529,73.229004
1361384487.120690631,0.495117,0.084961,-0.718262,-0.226562,163.862595,-78.618324,73.893127
1361384487.122552203,0.469238,0.001465,-0.582520,-0.228516,160.748093,-72.374046,75.435112
1361384487.124413776,0.459473,0.000732,-0.608154,-0.227539,147.114502,-64.068703,75.541985
1361384487.126244830,0.466309,-0.021729,-0.598633,-0.226562,138.900757,-63.664124,72.870232
1361384487.128106402,0.421875,-0.148926,-0.548828,-0.227539,126.786263,-54.969467,76.977097
1361384487.129967975,0.458008,-0.144531,-0.688721,-0.226562,122.557251,-64.320610,75.549622
1361384487.131829547,0.433105,-0.218262,-0.643066,-0.227539,123.206108,-70.496185,74.488548
1361384487.133691120,0.500488,-0.198242,-0.590576,-0.226562,121.496185,-64.633591,68.770996
1361384487.135552692,0.407471,-0.266357,-0.494385,-0.224609,119.916031,-56.114502,69.122139
1361384487.137414264,0.498779,-0.173584,-0.578613,-0.225586,112.694656,-52.244274,63.496181
1361384487.139245319,0.409668,-0.248535,-0.594238,-0.226562,110.244278,-55.549618,65.297707
1361384487.141106892,0.434814,-0.307373,-0.545410,-0.227539,106.404579,-46.015266,66.152672
1361384487.142968464,0.398926,-0.321533,-0.547119,-0.226562,91.450378,-25.580153,68.312981
1361384487.144830036,0.393555,-0.317871,-0.520020,-0.227539,84.038170,-15.625955,68.099236
1361384487.146691608,0.362793,-0.307861,-0.571289,-0.228516,76.977097,-16.748091,68.656487
1361384487.148522663,0.428467,-0.212158,-0.523682,-0.225586,71.282440,-11.427481,59.580154
1361384487.150384236,0.362793,-0.274658,-0.575684,-0.228516,60.450382,-10.969465,56.679390
1361384487.152245808,0.369873,-0.393799,-0.535400,-0.227539,51.282444,-3.442748,57.763359
1361384487.154107380,0.378174,-0.415283,-0.558105,-0.228516,41.740459,6.885496,51.938931
1361384487.155968952,0.353271,-0.464600,-0.464600,-0.227539,32.435116,19.442749,51.809162
1361384487.157830525,0.328369,-0.388672,-0.512207,-0.226562,19.770992,23.167938,49.839695
1361384487.159661579,0.234863,-0.342529,-0.434326,-0.225586,9.557252,26.068703,46.427483
1361384487.161523152,0.187256,-0.344727,-0.403076,-0.228516,-5.206107,35.595421,40.312977
1361384487.163384724,0.182617,-0.389893,-0.390381,-0.226562,-19.748091,37.114502,38.633587
1361384487.165246297,0.107178,-0.379150,-0.544678,-0.226562,-25.236641,26.015266,33.374046
1361384487.167107869,0.072021,-0.437500,-0.523438,-0.227539,-36.351147,31.274809,30.938931
1361384487.168969441,0.080811,-0.533447,-0.351318,-0.228516,-49.229008,49.312977,27.664122
1361384487.170831014,0.088379,-0.510498,-0.449707,-0.227539,-59.374046,55.740459,20.832062
1361384487.172692586,0.063965,-0.483154,-0.542480,-0.228516,-68.977097,52.832062,11.526717
1361384487.174523641,0.090820,-0.532227,-0.484863,-0.225586,-73.244278,51.198475,0.931298
1361384487.176385213,0.133057,-0.524902,-0.364990,-0.227539,-73.137405,58.160305,-11.984733
1361384487.178246785,0.077881,-0.523193,-0.401855,-0.228516,-73.221375,55.343510,-23.458015
1361384487.180108357,0.116699,-0.473145,-0.402588,-0.227539,-69.862595,49.267174,-35.435116
1361384487.181969930,0.133545,-0.511230,-0.266113,-0.226562,-62.709923,50.946564,-42.610687
1361384487.183831502,0.033447,-0.501953,-0.271729,-0.227539,-61.885498,56.480915,-48.160305
1361384487.185693075,0.086670,-0.510742,-0.246582,-0.228516,-68.328247,72.114502,-56.610687
1361384487.187524129,0.081787,-0.525635,-0.396484,-0.227539,-79.633591,83.435112,-63.900764
1361384487.189385701,0.158447,-0.549072,-0.496582,-0.226562,-84.282440,82.984734,-67.870232
1361384487.191247274,0.219238,-0.589600,-0.429443,-0.227539,-85.160309,91.106873,-73.641220
1361384487.193108847,0.238525,-0.555176,-0.436768,-0.224609,-84.786263,92.435112,-74.694656
1361384487.194970419,0.297852,-0.446045,-0.654053,-0.227539,-81.190842,84.221375,-82.854965
1361384487.196831991,0.498047,-0.427002,-0.439941,-0.226562,-73.832062,91.709923,-90.923668
1361384487.198693563,0.385986,-0.225830,-0.321533,-0.227539,-67.145035,99.679390,-93.694656
1361384487.200524618,0.528076,-0.145020,-0.760010,-0.228516,-77.343513,77.343513,-110.549622
1361384487.202386191,0.567871,-0.165527,-0.593750,-0.227539,-75.862595,68.702293,-116.816795
1361384487.204247763,0.551025,-0.108643,-0.578125,-0.228516,-80.343513,78.541985,-129.908401
1361384487.206109335,0.598145,-0.024902,-0.597656,-0.226562,-83.916031,85.083969,-154.389313
1361384487.207970907,0.981445,-0.423096,-0.470459,-0.226562,-71.236641,92.931297,-130.633591
1361384487.209832480,0.884033,-0.261963,-0.766602,-0.227539,-44.297710,92.251907,-129.801529
1361384487.211724570,0.842285,0.703613,-0.717041,-0.226562,-79.167938,94.595421,-201.793900
1361384487.213586142,0.568115,0.315430,-1.258545,-0.225586,-166.450378,58.083969,-205.587784
1361384487.215417197,1.095947,0.329346,-1.068604,-0.226562,-175.244278,7.870229,-244.961838
1361384487.217278769,1.201416,-0.198975,-0.854004,-0.227539,-175.610687,19.458015,-231.923660
1361384487.219140341,1.413818,-0.491943,-0.156982,-0.228516,-145.381683,62.061069,-223.175568
1361384487.221001914,1.393066,-0.426758,-0.373779,-0.226562,-97.786263,65.427483,-207.442749
1361384487.222863486,1.404785,0.272949,-0.803467,-0.226562,-85.870232,32.061069,-223.152664
1361384487.224694541,1.066162,0.376709,-1.247314,-0.227539,-92.305344,0.152672,-235.167938
1361384487.226556113,1.240479,0.221924,-0.465820,-0.226562,-115.770996,51.671757,-244.717560
1361384487.228417685,1.233887,0.488525,-0.625244,-0.225586,-158.290070,79.122139,-250.137405
1361384487.230279258,1.324463,-0.425293,-1.166260,-0.226562,-158.832062,48.435116,-236.175568
1361384487.232140830,1.111572,-0.171631,-1.011719,-0.228516,-160.106873,61.106869,-205.908401
1361384487.234002403,1.175293,-0.437744,-0.624268,-0.227539,-158.938934,93.633591,-177.893127
1361384487.235863975,1.301270,-0.492188,-0.830322,-0.226562,-151.847336,108.564888,-132.251907
1361384487.237725547,1.218018,-0.396729,-0.850342,-0.227539,-121.671753,96.053436,-105.648857
1361384487.239556602,1.161865,-0.094482,-1.180420,-0.226562,-97.091606,62.618320,-103.259544
1361384487.241418175,1.220947,-0.080078,-1.089355,-0.227539,-99.977097,51.320610,-107.732826
1361384487.243279747,1.123291,0.398193,-0.810791,-0.224609,-112.603050,51.809162,-141.656494
1361384487.245110801,1.271973,0.125000,-0.702637,-0.227539,-120.244278,56.160305,-153.358780
1361384487.247002891,1.316895,-0.207520,-0.467285,-0.226562,-105.977097,80.312981,-144.824432
1361384487.248864463,1.132812,0.180908,-0.591309,-0.227539,-89.175575,98.580154,-122.305344
1361384487.250756554,1.172852,0.279297,-1.105713,-0.226562,-91.061066,56.778625,-133.511444
1361384487.252618126,1.124756,0.115234,-1.052246,-0.224609,-74.068703,33.488548,-119.022903
1361384487.254479698,1.150391,-0.103760,-0.431152,-0.226562,-57.824429,65.603050,-96.381676
1361384487.256341271,1.120605,0.184814,-0.616211,-0.227539,-37.992367,64.412216,-92.038170
1361384487.258202843,1.070312,0.227783,-1.056396,-0.228516,-30.816793,30.183207,-89.465652
1361384487.260064415,1.067139,0.223877,-0.955811,-0.227539,-30.603054,16.274809,-90.450378
1361384487.261925988,1.119141,0.146240,-0.578613,-0.226562,-36.229008,41.458015,-72.816795
1361384487.263787560,1.174561,0.214600,-0.901611,-0.227539,-36.709923,47.503819,-67.931297
1361384487.265649132,1.180176,0.194092,-0.888428,-0.228516,-20.267176,44.778625,-63.381680
1361384487.267480187,1.120361,0.125000,-0.638184,-0.225586,-21.854961,69.824425,-53.809162
1361384487.269341759,1.027588,0.381104,-0.924316,-0.226562,-36.083969,63.977100,-62.190838
1361384487.271203332,0.977783,0.407471,-1.076660,-0.227539,-42.198475,30.251909,-66.717560
1361384487.273064904,1.071533,0.294434,-0.857178,-0.228516,-47.641220,26.641222,-58.290077
1361384487.274926476,1.014160,0.398682,-0.781982,-0.227539,-47.511452,30.954199,-54.732826
1361384487.276757531,1.038818,0.374512,-0.774658,-0.228516,-49.893131,28.412214,-49.152672
1361384487.278649621,1.063232,0.370361,-0.723145,-0.227539,-51.664124,29.793894,-35.580154
1361384487.280480676,1.049805,0.383057,-0.665771,-0.228516,-56.274811,41.343510,-25.870230
1361384487.282342248,0.978271,0.385986,-0.945557,-0.227539,-62.595421,31.938931,-14.389313
1361384487.284203821,0.976562,0.351807,-0.794434,-0.226562,-61.167938,31.961832,-5.687023
1361384487.286065393,1.005859,0.389160,-0.791260,-0.225586,-57.549618,31.007633,-4.259542
1361384487.287926965,0.990723,0.298096,-0.797363,-0.226562,-51.870228,26.442749,-0.137405
1361384487.289788537,0.956055,0.333740,-0.800293,-0.225586,-47.251907,22.977098,0.244275
1361384487.291650110,0.914307,0.419922,-0.835449,-0.226562,-46.931297,17.267176,-9.961832
1361384487.293481165,0.947266,0.379150,-0.855713,-0.226562,-49.702290,6.114504,-15.671756
1361384487.295342737,0.967773,0.430420,-0.930420,-0.226562,-47.206108,-10.145039,-23.137405
1361384487.297204309,0.975098,0.325928,-0.778809,-0.227539,-42.862595,-9.366412,-20.847328
1361384487.299065881,0.984131,0.254150,-0.709961,-0.229492,-41.687023,-1.725191,-10.427481
1361384487.300927454,0.989746,0.201416,-0.722412,-0.226562,-33.862595,3.045802,1.801527
1361384487.302789026,0.974854,0.235840,-0.797119,-0.227539,-26.183207,3.763359,11.221375
1361384487.304620081,1.001709,0.216309,-0.806885,-0.228516,-18.824427,3.152672,21.083969
1361384487.306481653,0.970703,0.252686,-0.767578,-0.227539,-9.305344,6.916030,25.160305
1361384487.308343225,0.999268,0.290527,-0.839355,-0.226562,-2.633588,0.870229,24.435114
1361384487.310265833,1.004395,0.280762,-0.851807,-0.226562,5.267176,-6.717557,23.068703
1361384487.312127405,1.009766,0.306885,-0.826660,-0.227539,9.893129,-7.801527,22.671755
1361384487.314019495,0.975586,0.283691,-0.795410,-0.226562,12.167939,-7.893130,25.801527
1361384487.315881067,1.003418,0.252197,-0.759766,-0.227539,16.580153,-6.984733,31.206106
1361384487.317742639,0.995605,0.259766,-0.784180,-0.230469,24.282442,-8.328244,35.580154
1361384487.319604211,0.995850,0.294434,-0.828613,-0.227539,28.664122,-12.389313,38.282444
1361384487.321465784,0.988281,0.321533,-0.887939,-0.228516,30.862595,-19.419847,38.847328
1361384487.323327356,1.005127,0.318604,-0.889404,-0.227539,32.129772,-26.938931,41.946564
1361384487.325158411,1.042480,0.352783,-0.843506,-0.226562,33.389313,-25.480917,44.786259
1361384487.327019983,1.062500,0.381348,-0.833496,-0.227539,33.167938,-26.763359,47.251907
1361384487.328881555,1.062744,0.439697,-0.888428,-0.226562,33.885498,-32.404579,47.442749
1361384487.330743128,1.072266,0.465088,-0.856934,-0.227539,30.931297,-35.343510,47.083969
1361384487.332604700,1.073486,0.421631,-0.894043,-0.228516,30.435114,-43.396946,48.954197
1361384487.334435755,1.070312,0.420166,-0.798584,-0.227539,34.122139,-44.916031,50.305344
1361384487.336297327,1.106934,0.491211,-0.736816,-0.228516,43.870228,-49.763359,46.610687
1361384487.338158899,1.134277,0.515625,-0.651123,-0.226562,61.862595,-58.641220,39.519085
1361384487.340020472,1.044922,0.407227,-0.764893,-0.227539,67.992363,-67.000000,39.129772
1361384487.341882044,1.025391,0.419678,-0.817383,-0.226562,69.870232,-73.167938,36.717556
1361384487.343743616,1.005859,0.330078,-0.839600,-0.227539,67.587784,-75.625954,38.290077
1361384487.345605188,1.012695,0.337402,-0.849609,-0.226562,71.175575,-82.694656,37.572517
1361384487.347436243,1.007324,0.283203,-0.821533,-0.227539,78.351143,-88.519081,34.671757
1361384487.349297815,0.986084,0.242188,-0.848633,-0.226562,82.847328,-93.000000,35.244274
1361384487.351159388,0.957764,0.211670,-0.851807,-0.227539,88.534348,-95.885498,32.648853
1361384487.353020960,0.955811,0.170166,-0.855957,-0.226562,92.633591,-98.786263,35.030533
1361384487.354882532,0.937744,0.126709,-0.892822,-0.227539,99.725189,-102.442749,38.992367
1361384487.356713587,0.933594,0.079346,-0.848145,-0.226562,107.022903,-101.137405,42.954197
1361384487.358575159,0.909912,0.115479,-0.834961,-0.227539,114.404579,-98.816795,45.328243
1361384487.360436732,0.851562,0.006836,-0.747803,-0.226562,123.801529,-92.839691,49.763359
1361384487.362298304,0.843262,-0.043457,-0.788818,-0.227539,132.603058,-91.625954,59.091602
1361384487.364159876,0.744385,-0.066406,-0.958496,-0.226562,144.595413,-106.687019,69.809158
1361384487.366021448,0.812256,-0.004883,-0.838135,-0.226562,156.618317,-102.236641,67.442749
1361384487.367883021,0.858887,-0.001953,-0.775635,-0.226562,161.534348,-92.305344,61.595421
1361384487.369714075,0.781006,-0.029297,-0.861328,-0.227539,167.320618,-91.442749,65.946564
1361384487.371575648,0.796387,0.000977,-0.842773,-0.228516,164.832062,-88.068703,68.770996
1361384487.373437220,0.721191,0.001953,-0.917725,-0.227539,159.877869,-93.274811,72.000000
1361384487.375298793,0.672607,-0.072998,-0.697754,-0.227539,153.564880,-83.427483,79.801529
1361384487.377160365,0.783447,0.235596,-0.400879,-0.228516,151.068695,-57.854961,72.007637
1361384487.378991419,0.662109,0.275391,-0.782471,-0.227539,141.618317,-69.312981,47.580154
1361384487.380852992,0.601074,0.208008,-0.746094,-0.226562,142.847336,-80.633591,43.114502
1361384487.382714565,0.743896,0.068848,-0.559326,-0.227539,134.519089,-71.908394,42.404579
1361384487.384576137,0.729492,0.130859,-0.786865,-0.226562,139.641220,-87.106873,33.511452
1361384487.386437709,0.704590,0.034912,-0.904541,-0.227539,147.480911,-106.580154,26.022902
1361384487.388268764,0.695312,-0.049805,-0.831543,-0.226562,147.175568,-104.488548,29.229008
1361384487.390130336,0.679199,-0.071045,-0.674805,-0.225586,150.389313,-92.541985,35.045803
1361384487.391991908,0.687256,0.030273,-0.682617,-0.226562,154.358780,-86.938934,32.427483
1361384487.393853480,0.570312,-0.203369,-0.677002,-0.229492,152.229004,-81.335876,45.183205
1361384487.395715052,0.633789,-0.139404,-0.665039,-0.226562,144.992371,-68.541985,56.198475
1361384487.397576625,0.614502,-0.077881,-0.779785,-0.225586,144.587784,-67.656487,57.351147
1361384487.399407679,0.602051,-0.123291,-0.641357,-0.226562,148.129776,-59.763359,60.465649
1361384487.401269252,0.601562,-0.168457,-0.682373,-0.227539,139.022903,-49.564884,64.145035
1361384487.403130824,0.525879,-0.106689,-0.752686,-0.226562,130.900757,-49.541985,67.755722
1361384487.404992396,0.447266,-0.140869,-0.894043,-0.225586,126.458015,-62.557251,67.610687
1361384487.406853968,0.591797,-0.224854,-0.624756,-0.226562,124.190842,-57.274811,66.938934
1361384487.408715541,0.621826,-0.267578,-0.734863,-0.226562,117.656487,-43.358780,67.038170
1361384487.410546596,0.538330,-0.224854,-0.544434,-0.227539,116.557251,-27.709923,67.648857
1361384487.412408168,0.600586,-0.264648,-0.649414,-0.226562,117.595421,-24.954199,70.076332
1361384487.414269740,0.532959,-0.202881,-0.556152,-0.227539,125.595421,-18.122137,70.000000
1361384487.416131313,0.471924,-0.234619,-0.493896,-0.226562,128.206100,-13.129771,64.496185
1361384487.417992885,0.650879,-0.312744,-0.719727,-0.227539,132.603058,-17.801527,66.694656
1361384487.419823939,0.342529,-0.240723,-0.649170,-0.226562,128.732819,-14.198473,71.801529
1361384487.421746547,0.474854,-0.269775,-0.547607,-0.225586,108.267174,14.618320,84.748093
1361384487.423577601,0.499756,-0.090576,-0.828857,-0.228516,103.061066,-2.167939,74.183205
1361384487.425439174,0.552002,-0.292236,-0.623779,-0.227539,114.480919,-5.908397,70.412216
1361384487.427300746,0.443115,-0.392090,-0.418945,-0.228516,111.274811,9.725191,75.488548
1361384487.429162318,0.533447,-0.262207,-0.857178,-0.227539,101.854965,-2.465649,67.320610
1361384487.431023891,0.382568,-0.091797,-0.825439,-0.226562,97.183205,-15.213740,44.656490
1361384487.432885463,0.492676,-0.132568,-0.550049,-0.227539,92.106873,-13.061069,24.160305
1361384487.434716517,0.441406,-0.334961,-0.446533,-0.228516,82.396950,1.473282,26.190840
1361384487.436578090,0.522705,-0.165039,-0.458008,-0.225586,78.167938,16.206106,15.519084
1361384487.438439662,0.473877,-0.246582,-0.647705,-0.226562,75.244278,4.900764,5.274809
1361384487.440301234,0.362793,-0.343750,-0.578369,-0.227539,71.610687,9.053435,2.343511
1361384487.442162806,0.452148,-0.208740,-0.473633,-0.226562,75.893127,11.580153,-11.992367
1361384487.444024378,0.386963,-0.382568,-0.346680,-0.227539,78.824425,21.503817,-7.893130
1361384487.445855433,0.417236,-0.409668,-0.396240,-0.228516,81.832062,32.458015,-2.732824
1361384487.447717005,0.323975,-0.362305,-0.419922,-0.227539,85.946564,38.740459,-10.618320
1361384487.449578577,0.300293,-0.276611,-0.813232,-0.226562,83.793892,13.679389,-27.282442
1361384487.451440150,0.228027,-0.468750,-0.621338,-0.226562,88.167938,14.297709,-20.641222
1361384487.453271205,0.426514,-0.463623,-0.343994,-0.226562,77.503815,37.702290,-18.000000
1361384487.455132777,0.314941,-0.432373,-0.421631,-0.228516,89.083969,36.923664,-19.961832
1361384487.456994349,0.333740,-0.285156,-0.259033,-0.227539,91.007637,41.801525,-24.847328
1361384487.458855921,0.316162,-0.202881,-0.463135,-0.226562,83.923668,35.320610,-31.358778
1361384487.460717494,0.302490,0.001221,-0.334717,-0.225586,79.221375,30.305344,-55.053436
1361384487.462579066,0.356445,-0.059326,-0.377930,-0.226562,63.641220,30.931297,-66.900764
1361384487.464410121,0.307373,-0.046143,-0.328857,-0.225586,57.022900,27.122137,-74.679390
1361384487.466271693,0.340820,-0.110107,-0.386475,-0.228516,46.022900,26.404581,-81.961830
1361384487.468133266,0.260742,-0.301025,-0.354492,-0.227539,39.053436,31.496183,-79.419846
1361384487.469994838,0.292725,-0.388672,-0.354736,-0.228516,33.526718,34.328243,-77.549622
1361384487.471856410,0.308105,-0.392822,-0.501953,-0.227539,30.862595,31.870230,-80.404579
1361384487.473687465,0.319336,-0.492432,-0.494141,-0.226562,20.511450,36.900764,-77.984734
1361384487.475549037,0.339111,-0.499512,-0.598389,-0.227539,8.610687,32.190838,-74.595421
1361384487.477410609,0.443848,-0.522949,-0.622803,-0.228516,-1.374046,27.335878,-72.152672
1361384487.479272181,0.463867,-0.455811,-0.479736,-0.226562,-0.343511,31.702290,-75.740456
1361384487.481133754,0.460449,-0.430176,-0.480469,-0.226562,-15.381680,36.687023,-74.305344
1361384487.482964808,0.542480,-0.530762,-0.653320,-0.229492,-25.015266,32.809162,-67.198471
1361384487.484826381,0.761230,-0.794189,-0.634277,-0.226562,-24.603054,32.305344,-48.114502
1361384487.486687953,0.844727,-0.522461,-0.855469,-0.225586,-30.404581,26.305344,-47.885498
1361384487.488549525,0.443359,-0.274170,-0.995361,-0.227539,-53.580154,9.694656,-67.030533
1361384487.490411097,0.739258,-0.406494,-0.424805,-0.226562,-82.076332,23.641222,-80.664124
1361384487.492272669,0.915771,-0.186035,-0.770752,-0.225586,-106.900764,36.099236,-101.435112
1361384487.494134242,0.799316,-0.302002,-0.516113,-0.226562,-104.404579,31.236641,-113.106873
1361384487.495965296,0.870361,-0.385742,-0.568115,-0.227539,-117.908394,38.618320,-117.236641
1361384487.497826868,0.761230,-0.558838,-0.792725,-0.226562,-137.732819,47.282444,-113.770996
1361384487.499688441,0.796387,-0.325684,-0.495361,-0.227539,-146.946564,69.320610,-121.984734
1361384487.501550013,0.809814,-0.291748,-0.558105,-0.228516,-158.587784,82.396950,-124.847328
1361384487.503411585,0.770264,-0.003906,-0.901123,-0.227539,-164.679382,50.977100,-144.198471
1361384487.505242640,0.722656,-0.138672,-0.495850,-0.228516,-170.488556,52.160305,-156.488556
1361384487.507104212,0.915771,-0.267090,-0.659668,-0.227539,-177.435120,55.374046,-159.229004
1361384487.508965785,0.975586,-0.546143,-0.560059,-0.226562,-165.832062,67.778625,-139.419846
1361384487.510827357,0.942627,0.145752,-0.459229,-0.225586,-167.015274,78.137405,-150.564880
1361384487.512688930,0.814209,0.219238,-0.791260,-0.228516,-182.908401,64.488548,-149.083969
1361384487.514550502,0.822266,-0.158447,-0.453125,-0.227539,-188.801529,79.198471,-121.793892
1361384487.516412074,1.210449,0.279297,-0.905273,-0.226562,-188.984726,58.595421,-125.916031
1361384487.518243129,0.786377,0.243652,-0.558350,-0.225586,-184.412216,61.236641,-123.442749
1361384487.520104701,1.042725,0.258545,-0.354980,-0.228516,-204.770996,105.083969,-119.618324
1361384487.521966273,0.905518,0.319824,-1.327393,-0.228516,-226.190842,53.076336,-106.877861
1361384487.523827845,0.937012,-0.058594,-1.180664,-0.226562,-233.648849,42.977100,-85.145035
1361384487.525689417,1.138428,0.236328,-0.604248,-0.228516,-239.312973,72.312981,-93.687019
1361384487.527520472,1.159668,0.300293,-0.674072,-0.227539,-243.549622,77.717560,-104.755722
1361384487.529382044,0.893555,0.283203,-0.966553,-0.228516,-250.137405,69.442749,-110.030533
1361384487.531243617,0.997314,0.472168,-0.814209,-0.227539,-250.137405,53.030533,-127.519081
1361384487.533105189,1.069092,0.260010,-0.848633,-0.224609,-245.603058,37.412212,-160.167938
1361384487.534966761,1.094727,-0.263672,-0.706787,-0.227539,-248.320618,66.366409,-131.160309
1361384487.536828334,1.066162,-0.128906,-0.758789,-0.226562,-221.755722,56.236641,-100.564888
1361384487.538659388,1.162354,0.184814,-1.379395,-0.227539,-193.038162,13.229008,-102.893127
1361384487.540520960,0.976074,-0.278076,-0.653809,-0.228516,-188.725189,51.656490,-73.007637
1361384487.542382533,1.187988,0.148682,-0.734619,-0.227539,-177.702286,61.916031,-67.183205
1361384487.544244105,1.041260,0.363770,-1.233154,-0.226562,-167.030533,19.167938,-81.473282
1361384487.546105677,1.097656,0.091309,-0.967529,-0.227539,-160.549622,9.274809,-80.778625
1361384487.547967249,1.086914,-0.192871,-0.398926,-0.228516,-161.893127,60.022900,-58.984734
1361384487.549798304,1.112549,-0.239258,-0.602539,-0.226562,-163.183212,81.160309,-28.206106
1361384487.551659877,1.047852,0.029541,-1.050781,-0.228516,-148.832062,67.885498,-16.687023
1361384487.553521449,1.085693,0.226318,-0.977539,-0.227539,-148.290070,59.763359,-24.717558
1361384487.555383021,1.048828,0.318604,-0.897217,-0.226562,-146.000000,47.931297,-35.503819
1361384487.557244593,0.993164,0.313965,-0.832275,-0.227539,-161.610687,48.961834,-36.488548
1361384487.559106166,1.080811,0.277344,-0.723877,-0.226562,-165.503815,52.900764,-32.549618
1361384487.560967738,1.099121,0.150391,-0.693359,-0.227539,-153.236649,58.396946,-21.625954
1361384487.562798793,1.094727,0.253174,-0.763916,-0.227539,-138.435120,57.030533,-16.854961
1361384487.564660365,1.116455,0.277832,-0.823486,-0.228516,-120.488548,47.801525,-18.687023
1361384487.566521937,1.063965,0.246338,-0.869629,-0.229492,-104.801529,35.893131,-15.343512
1361384487.568383509,1.064453,0.319336,-0.902832,-0.226562,-91.832062,23.381680,-14.618320
1361384487.570275599,1.067871,0.305664,-0.842773,-0.228516,-79.213737,15.564885,-15.938931
1361384487.572137171,1.033447,0.329834,-0.820801,-0.228516,-71.282440,12.656488,-14.221375
1361384487.573968226,1.017822,0.286621,-0.803467,-0.227539,-68.900764,11.465649,-11.419847
1361384487.575829798,0.985840,0.228516,-0.820557,-0.226562,-67.580154,12.206107,-4.419847
1361384487.577691370,0.973389,0.247559,-0.794922,-0.227539,-62.198475,10.732824,-3.709924
1361384487.579552943,0.946533,0.256348,-0.791016,-0.226562,-54.648853,6.549618,-5.564886
1361384487.581414515,0.943359,0.227295,-0.854492,-0.227539,-48.442749,-0.465649,-7.816794
1361384487.583245570,0.943115,0.247070,-0.801270,-0.228516,-41.305344,-4.503817,-11.938931
1361384487.585137660,0.927246,0.120361,-0.799805,-0.227539,-35.625954,-3.778626,-6.549618
1361384487.586999232,0.924561,0.079346,-0.750732,-0.226562,-28.564886,3.358779,1.068702
1361384487.588860804,0.920898,0.130371,-0.776367,-0.227539,-19.816793,6.938931,6.244275
1361384487.590722377,0.918213,0.155518,-0.752197,-0.226562,-11.946565,10.091603,12.022901
1361384487.592583949,0.899414,0.145264,-0.837891,-0.227539,-8.694656,7.816794,17.709923
1361384487.594445521,0.877441,0.187500,-0.807129,-0.228516,-5.923664,8.725191,20.740458
1361384487.596276576,0.897217,0.220703,-0.862061,-0.225586,-6.022901,6.030534,21.396946
1361384487.598138148,0.913330,0.208008,-0.830078,-0.226562,-3.236641,3.992366,24.297710
1361384487.599999720,0.911377,0.212891,-0.851318,-0.227539,1.923664,0.648855,28.183207
1361384487.601861293,0.861816,0.234375,-0.767822,-0.228516,6.946565,3.755725,29.984734
1361384487.603722865,0.872559,0.313232,-0.726562,-0.227539,3.503817,14.038168,27.183207
1361384487.605553919,0.883057,0.327637,-0.895752,-0.228516,5.000000,3.297710,20.374046
1361384487.607415492,0.909668,0.286133,-0.923096,-0.226562,14.969465,-8.122137,17.297710
1361384487.609277064,0.971680,0.231689,-0.823242,-0.226562,30.938931,-3.839695,16.213741
1361384487.611138636,0.913574,0.251709,-0.853027,-0.227539,39.908398,-1.045802,21.427481
1361384487.613000209,0.936768,0.199463,-0.966553,-0.226562,46.877861,-4.351145,31.809160
1361384487.614831263,0.953125,0.313232,-1.068604,-0.227539,56.343510,-12.740458,31.992367
1361384487.616692835,0.915527,0.353516,-0.910889,-0.227539,69.748093,-14.977099,29.603054
1361384487.618554408,1.028320,0.393555,-0.992920,-0.228516,71.625954,-16.503817,25.503817
1361384487.620415980,1.002197,0.389648,-0.943848,-0.227539,85.488548,-30.610687,20.381680
1361384487.622277552,1.000732,0.367432,-0.924072,-0.228516,102.770996,-36.870228,19.435114
1361384487.624139124,1.005859,0.274902,-0.799561,-0.227539,115.656487,-31.564886,27.259542
1361384487.625970179,1.005127,0.289795,-0.764648,-0.228516,123.106873,-26.603054,31.267176
1361384487.627831751,0.974365,0.389648,-1.008789,-0.227539,134.076340,-44.938931,24.641222
1361384487.629693323,0.959473,0.341309,-0.919678,-0.228516,142.320618,-52.885498,21.870230
1361384487.631554896,0.963379,0.341309,-0.854492,-0.227539,148.206100,-57.083969,22.534351
1361384487.633416468,0.931152,0.256592,-0.809570,-0.226562,153.160309,-59.183205,26.221375
1361384487.635278040,0.956543,0.272217,-0.652344,-0.227539,161.832062,-56.488548,33.068703
1361384487.637139613,0.968018,0.350342,-0.626465,-0.226562,163.732819,-45.503819,30.625954
1361384487.638970667,0.852051,0.323975,-0.940430,-0.227539,153.015274,-56.358780,34.885498
1361384487.640832240,0.921875,0.300781,-0.770508,-0.226562,146.488556,-49.633587,39.328243
1361384487.642693812,0.942139,0.175537,-0.837891,-0.227539,145.625961,-45.534351,48.854961
1361384487.644555385,1.040039,0.387695,-0.701904,-0.226562,161.679382,-47.229008,44.442749
1361384487.646416957,1.000977,0.341309,-0.953125,-0.227539,159.893127,-58.595421,43.282444
1361384487.648278529,0.904053,0.214600,-0.919678,-0.224609,155.038162,-66.320610,43.755726
1361384487.650109584,0.946289,0.283203,-0.725830,-0.228516,141.740463,-54.992367,44.633587
1361384487.651971156,0.910889,0.123291,-0.784424,-0.228516,127.061066,-46.618320,51.183205
1361384487.653832728,0.955811,0.308350,-0.636963,-0.227539,124.908394,-43.900764,44.877861
1361384487.655694300,0.892822,0.248291,-0.912598,-0.225586,115.885498,-57.053436,43.557251
1361384487.657555872,0.830078,0.181396,-0.900879,-0.226562,105.832062,-67.969467,47.610687
1361384487.659417445,0.964355,0.048584,-0.597656,-0.227539,99.885498,-51.381680,49.557251
1361384487.661279017,1.002930,0.187256,-0.844971,-0.228516,105.045799,-53.106869,41.206108
1361384487.663140589,0.799316,0.078613,-0.791260,-0.227539,115.290077,-70.519081,42.267174
1361384487.665002162,0.857666,0.079590,-0.800049,-0.226562,113.992363,-68.083969,48.656490
1361384487.666833216,0.818848,-0.058838,-0.641602,-0.227539,113.366409,-57.122139,57.648853
1361384487.668694788,0.796387,0.138916,-0.718750,-0.226562,117.770996,-61.694656,50.511452
1361384487.670556361,0.690430,-0.046875,-0.477295,-0.227539,124.137405,-51.839695,56.908398
1361384487.672417933,0.763184,0.073730,-0.642090,-0.224609,119.358780,-49.236641,54.786259
1361384487.674279505,0.714355,0.046387,-0.897705,-0.225586,126.480919,-75.801529,50.091602
1361384487.676141077,0.613525,-0.067383,-0.698242,-0.226562,132.366409,-86.648857,54.709923
1361384487.677972132,0.761963,-0.086426,-0.434326,-0.227539,127.809158,-59.305344,56.206108
1361384487.679833704,0.719971,-0.066650,-0.484863,-0.224609,125.816795,-47.030533,55.664124
1361384487.681756312,0.645996,0.001465,-0.685059,-0.227539,122.564888,-55.587788,57.526718
1361384487.683587367,0.598633,-0.051270,-0.679932,-0.226562,119.923668,-59.419846,59.358780
1361384487.685448939,0.632568,0.000244,-0.661865,-0.225586,115.732826,-59.954197,53.038166
1361384487.687310511,0.570068,-0.115479,-0.562500,-0.226562,117.694656,-58.732826,55.152672
1361384487.689172083,0.587402,-0.152832,-0.624756,-0.225586,109.572517,-53.816795,58.137405
1361384487.691033656,0.539551,-0.144531,-0.593506,-0.228516,100.328247,-46.687023,65.458015
1361384487.692895228,0.552979,-0.023193,-0.476562,-0.227539,91.679390,-35.366413,66.534348
1361384487.694756800,0.512695,0.011475,-0.504150,-0.228516,82.984734,-30.992367,62.847328
1361384487.696587855,0.483643,-0.076416,-0.491455,-0.227539,73.106873,-26.572519,67.396950
1361384487.698449427,0.463623,-0.071289,-0.529053,-0.226562,61.801525,-20.610687,71.152672
1361384487.700310999,0.482666,-0.054443,-0.530029,-0.225586,51.854961,-17.053434,71.229004
1361384487.702172572,0.463379,-0.083008,-0.553467,-0.228516,48.229008,-21.198473,75.801529
1361384487.704034144,0.467041,-0.186279,-0.399902,-0.227539,50.541985,-14.030535,82.152672
1361384487.705895716,0.370117,-0.186279,-0.467773,-0.228516,44.740459,-1.244275,91.442749
1361384487.707726771,0.372070,-0.187500,-0.465332,-0.228516,40.770992,3.458015,93.145035
1361384487.709588343,0.367676,-0.207275,-0.440186,-0.226562,37.900764,9.320611,90.099236
1361384487.711449916,0.283447,-0.218506,-0.608643,-0.226562,30.664122,4.557252,84.206108
1361384487.713311488,0.198975,-0.299561,-0.588867,-0.227539,29.992367,-5.404580,79.801529
1361384487.715173060,0.229980,-0.351074,-0.561523,-0.226562,31.725191,-12.229008,75.488548
1361384487.717034632,0.398193,-0.550537,-0.550537,-0.227539,29.312977,-7.221374,80.740456
1361384487.718865687,0.184082,-0.525635,-0.332520,-0.226562,45.755726,4.923664,80.297707
1361384487.720727259,0.232910,-0.545654,-0.373291,-0.227539,50.473282,14.305344,74.992363
1361384487.722588831,0.185059,-0.554199,-0.450684,-0.224609,58.160305,10.167939,70.389313
1361384487.724450403,0.231201,-0.416992,-0.443848,-0.229492,63.824429,6.183206,57.030533
1361384487.726311976,0.194336,-0.405273,-0.473389,-0.228516,60.503819,4.435114,44.183205
1361384487.728173548,0.196289,-0.438965,-0.467285,-0.225586,56.083969,3.022901,34.206108
1361384487.730035120,0.191650,-0.535645,-0.494385,-0.226562,50.534351,-0.137405,29.053434
1361384487.731896693,0.116943,-0.565186,-0.451416,-0.227539,47.106869,0.106870,26.145039
1361384487.733758265,0.174561,-0.567383,-0.323242,-0.226562,46.175571,5.931298,17.282442
1361384487.735589320,0.154297,-0.530518,-0.375488,-0.227539,42.473282,8.961832,3.847328
1361384487.737450892,0.088867,-0.599365,-0.324463,-0.226562,33.984734,21.877863,-9.129771
1361384487.739312464,0.110107,-0.528809,-0.427734,-0.225586,16.015266,31.465649,-26.786259
1361384487.741174037,0.141602,-0.518799,-0.405273,-0.226562,8.511451,37.122139,-46.503819
1361384487.743035609,0.207031,-0.447998,-0.327881,-0.229492,5.083970,44.145039,-70.366409
1361384487.744897181,0.223389,-0.527832,-0.410400,-0.224609,-1.396947,46.404579,-82.755722
1361384487.746728236,0.389404,-0.488525,-0.334961,-0.227539,-3.633588,50.961834,-92.297707
1361384487.748589808,0.569824,-0.941162,-0.452148,-0.226562,1.236641,46.099236,-84.229004
1361384487.750451380,0.343750,-0.637939,-0.583008,-0.228516,-7.396946,36.854961,-75.198471
1361384487.752282435,0.360840,-0.166260,-0.900879,-0.227539,-29.923664,6.282443,-100.755722
1361384487.754113489,0.371094,0.126465,-0.671875,-0.228516,-63.748093,1.557252,-131.221375
1361384487.755944544,0.608398,-0.099609,-0.472900,-0.227539,-105.954201,23.916031,-146.038162
1361384487.757775599,0.675293,-0.121826,-0.375000,-0.225586,-119.664124,39.816795,-162.282440
1361384487.759606653,0.814697,0.022705,-0.472900,-0.226562,-121.931297,32.045803,-189.931305
1361384487.761437709,0.627930,-0.141113,-0.180664,-0.227539,-129.282440,58.435116,-185.786255
1361384487.763299281,0.751221,0.065430,0.090332,-0.226562,-140.793900,111.480919,-197.473282
1361384487.765160853,0.752197,-0.096436,-0.295410,-0.227539,-148.473282,114.427483,-204.893127
1361384487.767022425,0.613770,0.043945,-0.934814,-0.228516,-166.748093,77.038170,-218.748093
1361384487.768853480,0.321045,-0.031982,-1.091309,-0.227539,-186.374039,42.717556,-219.389313
1361384487.770715053,1.091064,-0.380371,-0.421387,-0.228516,-205.656494,65.030533,-205.564880
1361384487.772576625,0.952637,-0.094238,-0.846436,-0.227539,-201.091599,64.923668,-195.961838
1361384487.774438197,1.051514,-0.150146,-0.549805,-0.228516,-185.389313,64.412216,-196.145035
1361384487.776299769,1.236816,-0.065674,-0.420654,-0.226562,-187.221375,89.534348,-201.297714
1361384487.778161342,1.177002,0.461426,-0.549561,-0.226562,-183.580154,95.007637,-230.038162
1361384487.780022914,0.956299,0.123291,-0.470459,-0.225586,-188.641220,96.885498,-216.679382
1361384487.781853969,1.225830,0.002686,-1.292725,-0.225586,-185.404587,53.740459,-201.961838
1361384487.783685024,1.189209,-0.140137,-0.772461,-0.226562,-143.083969,45.778625,-192.083969
1361384487.785516078,1.379395,-0.189697,-0.979492,-0.225586,-130.351151,58.587788,-166.404587
1361384487.787347133,1.373535,-0.144775,-1.001953,-0.226562,-106.549622,48.748093,-143.557251
1361384487.789178188,1.343018,-0.072998,-1.179199,-0.226562,-96.679390,39.916031,-128.801529
1361384487.791009243,1.410645,0.010498,-1.185547,-0.227539,-86.564888,36.343510,-115.061066
1361384487.792870815,1.500244,0.301270,-0.978027,-0.224609,-68.656487,43.022900,-116.725189
1361384487.794732387,1.322510,0.423584,-1.243164,-0.225586,-68.351143,20.656488,-123.832062
1361384487.796593960,1.269043,0.559570,-1.139404,-0.228516,-76.687019,8.732824,-131.213745
1361384487.798455532,1.316650,0.367676,-0.851562,-0.227539,-91.106873,19.870230,-130.152664
1361384487.800317105,1.290039,0.242432,-0.829102,-0.226562,-89.335876,28.778625,-117.664124
1361384487.802178677,1.221191,0.388428,-0.883057,-0.227539,-90.267174,34.190838,-115.358780
1361384487.804009732,1.192871,0.326416,-0.926025,-0.226562,-87.137405,26.786259,-110.916031
1361384487.805871304,1.148438,0.408691,-0.854248,-0.225586,-86.480919,22.877863,-109.946564
1361384487.807732876,1.153564,0.291504,-1.021973,-0.226562,-79.687019,7.213740,-107.015266
1361384487.809594448,1.202637,0.207520,-0.924805,-0.227539,-60.106869,-1.183206,-101.908394
1361384487.811425503,1.130859,0.183350,-0.753662,-0.226562,-40.198475,7.267176,-90.251907
1361384487.813287075,1.150635,0.240234,-0.816650,-0.225586,-28.992367,13.916031,-78.610687
1361384487.815148648,1.117432,0.170654,-0.949219,-0.228516,-18.251909,13.480916,-60.839695
1361384487.817010220,1.036621,0.289795,-0.845947,-0.228516,-11.564885,21.603054,-52.381680
1361384487.818871792,1.090820,0.299072,-0.951904,-0.226562,-13.267176,18.389313,-44.045803
1361384487.820733364,1.120605,0.267822,-1.206543,-0.226562,-6.221374,1.351145,-36.778625
1361384487.822564419,1.169434,0.219238,-1.034180,-0.227539,8.038168,0.862595,-29.847328
1361384487.824395473,1.131104,0.199951,-1.005127,-0.228516,16.824427,6.366412,-19.030535
1361384487.826226528,1.096191,0.290527,-0.947998,-0.227539,25.045801,7.083970,-13.053435
1361384487.828027065,1.080566,0.430420,-0.990967,-0.225586,25.259542,3.549618,-14.832061
1361384487.829858120,1.091553,0.375244,-1.058105,-0.226562,23.862595,-12.641221,-15.396947
1361384487.831780728,1.027100,0.317871,-1.109619,-0.226562,28.809160,-9.183207,-6.206107
1361384487.833642300,1.078125,0.407471,-0.399170,-0.226562,22.259542,26.648855,-2.824427
1361384487.835473355,0.954346,0.460693,-1.016602,-0.227539,29.725191,2.702290,-1.221374
1361384487.837334927,0.959229,0.353027,-0.951660,-0.226562,39.267174,-18.748091,-1.396947
1361384487.839196499,0.972168,0.352539,-0.870605,-0.225586,37.839695,-17.106871,2.984733
1361384487.841058072,0.986572,0.275391,-1.083984,-0.226562,34.763359,-26.374046,8.465649
1361384487.842919644,1.018311,0.424561,-0.791504,-0.225586,65.259544,-44.473282,7.396946
1361384487.844750699,0.982910,0.310791,-0.854736,-0.226562,79.687019,-51.954197,-5.870229
1361384487.846612271,0.894287,0.378418,-0.598145,-0.225586,81.396950,-39.732826,-9.541985
1361384487.848473843,0.851562,0.375488,-1.029785,-0.226562,69.671753,-53.190838,-2.557252
1361384487.850335415,0.938232,0.443848,-0.747070,-0.227539,76.740456,-58.396946,-5.839694
1361384487.852196987,0.959473,0.369873,-0.665527,-0.226562,78.847328,-50.801525,-3.374046
1361384487.854058560,0.976807,0.432617,-0.800049,-0.225586,83.923668,-59.045803,-5.564886
1361384487.855920132,0.773438,0.438232,-0.841309,-0.226562,84.442749,-69.076332,-11.755725
1361384487.857781704,0.899658,0.414795,-0.679199,-0.227539,64.793892,-50.977100,-13.175572
1361384487.859643276,0.938477,0.422607,-0.838623,-0.228516,63.564884,-63.412212,-17.717558
1361384487.861504849,0.832275,0.409180,-1.001465,-0.225586,66.167938,-84.007637,-22.045801
1361384487.863366421,0.851318,0.339844,-0.950439,-0.224609,71.656487,-98.427483,-23.419847
1361384487.865227993,0.838135,0.177002,-0.739746,-0.225586,78.992363,-88.717560,-13.786260
1361384487.867089565,0.800537,0.159668,-0.685303,-0.226562,75.091606,-64.625954,3.496183
1361384487.868951138,0.836914,0.104004,-0.729492,-0.227539,81.183205,-52.343510,14.725191
1361384487.870812710,0.756836,0.143066,-1.005371,-0.226562,82.725189,-53.366413,24.801527
1361384487.872643764,0.846436,0.207520,-0.899170,-0.226562,90.122139,-53.305344,25.122137
1361384487.874505337,0.739502,0.114014,-0.905029,-0.226562,83.099236,-48.770992,35.091602
1361384487.876366909,0.822021,0.243896,-0.844238,-0.227539,91.893127,-53.786259,35.564884
1361384487.878228481,0.802002,0.207275,-0.872070,-0.226562,89.954201,-54.297710,39.435116
1361384487.880090053,0.768555,0.325195,-0.721436,-0.225586,85.740456,-44.870228,39.099236
1361384487.881951626,0.785156,0.368164,-0.823730,-0.228516,69.618324,-34.305344,39.847328
1361384487.883813198,0.758789,0.356689,-0.621338,-0.227539,59.893131,-17.763359,46.236641
1361384487.885674771,0.841553,0.369629,-0.906494,-0.227539,48.015266,-14.580153,51.793892
1361384487.887505825,0.847168,0.330078,-0.972656,-0.226562,47.145039,-23.770992,56.847328
1361384487.889367397,0.862061,0.375732,-0.934570,-0.229492,40.404579,-28.351145,60.389313
1361384487.891228970,0.896973,0.344727,-1.035156,-0.226562,37.045803,-41.167938,62.725189
1361384487.893090542,0.947510,0.340820,-0.918213,-0.225586,41.946564,-48.267174,60.931297
1361384487.894952114,0.920410,0.318359,-0.829590,-0.226562,43.206108,-45.824429,59.664124
1361384487.896783169,0.819824,0.333252,-0.855957,-0.227539,40.984734,-47.618320,58.282444
1361384487.898644741,0.753662,0.339844,-1.126953,-0.226562,28.885496,-66.816795,62.801525
1361384487.900506313,0.833496,0.243164,-0.920898,-0.225586,27.824427,-84.946564,71.221375
1361384487.902367886,0.964355,0.147949,-0.685059,-0.226562,45.549618,-71.694656,77.404579
1361384487.904229458,1.048340,0.229736,-0.806885,-0.227539,44.610687,-54.816795,71.503815
1361384487.906091030,0.849609,0.141846,-0.761475,-0.226562,50.916031,-48.557251,72.580154
1361384487.907922085,0.831543,0.001709,-0.638428,-0.225586,49.816795,-31.603054,86.687019
1361384487.909783657,0.790039,0.056641,-0.992188,-0.228516,53.366413,-41.045803,83.603050
1361384487.911645230,0.807129,0.038086,-0.920166,-0.229492,64.122139,-53.923664,80.824425
1361384487.913506802,0.801025,-0.059814,-0.778564,-0.226562,72.679390,-50.603054,83.366409
1361384487.915368374,0.808350,-0.010010,-0.762207,-0.226562,79.175575,-41.923664,82.450378
1361384487.917229946,0.758789,-0.008057,-0.637939,-0.226562,85.091606,-29.145039,83.770996
1361384487.919091519,0.700195,-0.105225,-0.612061,-0.225586,85.954201,-17.061069,92.435112
1361384487.920922574,0.703857,-0.028564,-0.681885,-0.228516,86.412216,-18.877863,94.725189
1361384487.922784146,0.641602,0.023682,-0.950684,-0.228516,89.755722,-37.389313,91.702293
1361384487.924645718,0.664551,-0.029053,-0.804688,-0.225586,81.206108,-34.267174,92.702293
1361384487.926507291,0.677490,-0.019531,-0.678467,-0.226562,76.122139,-19.694656,94.824425
1361384487.928368863,0.657959,0.022217,-0.723145,-0.227539,73.900764,-10.282443,91.725189
1361384487.930260953,0.641113,0.010986,-0.861572,-0.226562,67.923668,-13.824428,92.664124
1361384487.932122525,0.635010,-0.029297,-0.843750,-0.226562,58.083969,-6.732824,100.000000
1361384487.933984098,0.660400,-0.094238,-0.714844,-0.225586,55.625954,3.549618,111.091606
1361384487.935845670,0.684814,0.023193,-0.796387,-0.226562,59.473282,1.374046,113.427483
1361384487.937676724,0.710449,0.028076,-0.758789,-0.226562,64.106873,-1.160305,113.274811
1361384487.939538297,0.673584,-0.020508,-0.705078,-0.227539,65.618324,3.496183,111.984734
1361384487.941399869,0.625488,0.013672,-0.852783,-0.226562,60.290077,2.076336,108.893127
1361384487.943261442,0.636230,-0.103027,-0.793213,-0.227539,57.389313,3.969466,111.030533
1361384487.945123014,0.723145,-0.073975,-0.811523,-0.226562,57.671757,6.083970,109.519081
1361384487.946954068,0.702148,-0.041992,-0.742676,-0.229492,64.053436,1.931298,104.480919
1361384487.948815641,0.709229,0.004639,-0.927002,-0.228516,66.709923,-15.114504,94.053436
1361384487.950677213,0.603760,-0.083740,-0.801514,-0.227539,61.427483,-15.519084,92.381676
1361384487.952538785,0.656250,-0.184326,-0.654053,-0.226562,51.229008,0.732824,94.725189
1361384487.954400357,0.619873,-0.248047,-0.584961,-0.227539,46.114502,19.595419,102.961830
1361384487.956261929,0.557373,-0.202148,-0.823486,-0.226562,34.343510,25.748091,107.679390
1361384487.958092984,0.564209,-0.193115,-0.766846,-0.228516,37.770992,24.870230,109.610687
1361384487.959954556,0.626221,-0.229736,-0.554443,-0.226562,35.877861,39.251907,112.519081
1361384487.961816129,0.585693,-0.180908,-0.652588,-0.225586,35.038166,41.702290,111.206108
1361384487.963677701,0.566650,-0.220947,-0.604980,-0.228516,35.496181,45.740459,109.801529
1361384487.965539273,0.524658,-0.223633,-0.729004,-0.227539,34.129772,43.145039,109.824425
1361384487.967400846,0.594727,-0.103516,-0.488037,-0.228516,47.740459,41.687023,98.007637
1361384487.969262418,0.484375,-0.304199,-0.562256,-0.225586,50.122139,43.809162,97.519081
1361384487.971093473,0.578857,-0.189697,-0.640381,-0.226562,54.427483,37.885498,95.587784
1361384487.972955045,0.534912,-0.155518,-0.587402,-0.228516,67.145035,31.740458,88.862595
1361384487.974816617,0.574219,-0.262451,-0.536377,-0.225586,72.122139,31.618320,89.679390
1361384487.976678190,0.520508,-0.241211,-0.530518,-0.226562,78.961830,30.969465,89.503815
1361384487.978539762,0.555176,-0.211670,-0.560791,-0.227539,83.312981,28.320610,85.564888
1361384487.980401334,0.501953,-0.266602,-0.707275,-0.226562,86.183205,16.458015,85.671753
1361384487.982262906,0.551025,-0.245605,-0.586914,-0.227539,93.946564,10.702291,81.809158
1361384487.984093961,0.505615,-0.264404,-0.604980,-0.226562,103.908394,4.122138,73.229004
1361384487.985955533,0.450195,-0.272461,-0.605225,-0.227539,106.480919,-4.038168,68.290077
1361384487.987817105,0.492676,-0.299072,-0.512207,-0.228516,109.816795,-2.580153,59.374046
1361384487.989678677,0.440430,-0.308350,-0.546143,-0.227539,109.488548,-3.763359,50.427483
1361384487.991540250,0.378174,-0.345215,-0.522461,-0.226562,101.725189,-2.923664,44.000000
1361384487.993371305,0.446777,-0.290283,-0.527344,-0.229492,96.732826,-5.801527,36.885498
1361384487.995232877,0.460449,-0.266846,-0.389160,-0.226562,96.114502,-2.374046,24.923664
1361384487.997094449,0.419189,-0.296631,-0.526367,-0.225586,90.335876,-5.175572,21.007633
1361384487.998956021,0.416748,-0.315186,-0.462402,-0.226562,85.549622,-4.946565,16.618320
1361384488.000817593,0.407471,-0.348633,-0.473145,-0.228516,82.328247,-5.587786,14.473283
1361384488.002648648,0.395752,-0.352051,-0.514404,-0.228516,86.000000,-13.221375,12.839695
1361384488.004510220,0.324219,-0.441650,-0.433105,-0.225586,90.083969,-12.763359,15.427481
1361384488.006371792,0.255615,-0.464600,-0.374756,-0.226562,90.137405,-6.488550,17.839695
1361384488.008233365,0.251465,-0.514160,-0.357422,-0.226562,92.938934,-3.549618,20.847328
1361384488.010094937,0.167725,-0.543457,-0.331543,-0.226562,93.748093,1.549618,23.488550
1361384488.011925992,0.108154,-0.513672,-0.351562,-0.228516,85.854965,5.770992,24.206106
1361384488.013757047,0.042725,-0.399414,-0.302734,-0.227539,75.458015,9.305344,19.587786
1361384488.015588101,0.030518,-0.335205,-0.324707,-0.226562,56.480915,7.038168,5.076336
1361384488.017419156,0.106689,-0.366699,-0.382324,-0.228516,44.786259,4.137404,-10.427481
1361384488.019250211,0.242676,-0.420654,-0.121582,-0.227539,36.946564,22.045801,-27.076336
1361384488.021081266,0.197998,-0.379150,-0.324463,-0.226562,24.267176,25.893129,-43.526718
1361384488.022942838,0.221436,-0.397461,-0.376953,-0.225586,13.816793,18.427481,-54.687023
1361384488.024804410,0.314697,-0.424561,-0.213867,-0.226562,2.106870,24.984734,-63.114502
1361384488.026665983,0.484375,-0.541260,-0.206787,-0.227539,-14.366412,47.549618,-55.610687
1361384488.028527555,0.321777,-0.401855,-0.310791,-0.226562,-26.893129,53.984734,-59.480915
1361384488.030389128,0.329834,-0.330811,-0.446045,-0.227539,-40.656490,46.229008,-67.114502
1361384488.032220182,0.434570,-1.081299,-0.276855,-0.228516,-39.694656,59.862595,-40.847328
1361384488.034081755,0.272461,-0.167969,-0.807373,-0.227539,-59.099236,37.145039,-76.992363
1361384488.035943327,0.198975,-0.217529,-1.379639,-0.226562,-103.778625,-26.267176,-106.679390
1361384488.037804899,0.532227,-0.329346,-0.253906,-0.227539,-137.541992,-12.244275,-132.473282
1361384488.039666471,0.732666,-0.352051,-0.166260,-0.226562,-158.167938,28.656488,-143.824432
1361384488.041528044,0.578613,-0.441895,-0.397949,-0.226562,-169.328247,40.038166,-145.694656
1361384488.043389616,0.696289,-0.421631,-0.593018,-0.226562,-156.977097,43.679390,-146.854965
1361384488.045220671,0.614502,0.030762,-0.365967,-0.226562,-165.572525,63.770992,-171.564880
1361384488.047082243,0.647949,-0.334473,-0.359131,-0.227539,-204.564880,89.648857,-167.305344
1361384488.048943815,0.613281,-0.037109,-0.884766,-0.226562,-217.977097,76.381676,-163.954193
1361384488.050805387,0.793457,0.104736,0.167236,-0.225586,-219.480911,110.129768,-184.732819
1361384488.052666959,0.884766,0.369873,-0.714600,-0.224609,-245.770996,113.748093,-204.190842
1361384488.054528532,0.557129,0.217529,-0.979248,-0.225586,-250.137405,86.106873,-215.908401
1361384488.056359586,1.041260,-0.029785,-1.298340,-0.228516,-250.137405,56.083969,-210.740463
1361384488.058221158,0.777100,0.085205,-0.339600,-0.227539,-250.137405,92.473282,-205.557251
1361384488.060082731,0.948975,-0.171387,-0.296875,-0.228516,-250.137405,111.969467,-197.160309
1361384488.061944304,0.946045,0.382324,-0.554443,-0.225586,-250.137405,115.458015,-226.015274
1361384488.063805876,0.985107,0.011230,-0.554688,-0.228516,-250.137405,133.038162,-222.244278
1361384488.065667448,1.070557,0.214355,-0.774902,-0.227539,-250.137405,118.129768,-234.541992
1361384488.067498503,0.899902,0.209473,-0.588379,-0.226562,-250.137405,117.801529,-245.045807
1361384488.069360075,1.050781,0.244385,-0.610352,-0.226562,-250.137405,136.748093,-250.137405
1361384488.071221648,1.130371,-0.216797,-1.088379,-0.228516,-250.137405,105.167938,-240.129776
1361384488.073083220,1.126221,-0.069092,-1.717285,-0.227539,-250.137405,44.633587,-224.900757
1361384488.074944792,1.284912,-0.088867,-0.680664,-0.226562,-250.137405,72.587784,-213.091599
1361384488.076806364,1.144043,0.140381,-0.991943,-0.227539,-250.137405,79.618324,-195.091599
1361384488.078637419,1.296387,0.283447,-0.847412,-0.226562,-250.137405,90.977097,-196.503815
1361384488.080498991,1.338867,0.316406,-1.093994,-0.228516,-250.137405,87.297707,-188.389313
1361384488.082330046,1.384521,0.406494,-0.890869,-0.227539,-250.137405,74.267174,-179.137405
1361384488.084161100,1.465088,0.285156,-0.722656,-0.226562,-250.137405,93.877861,-166.847336
1361384488.085992155,1.178223,0.383301,-0.722656,-0.225586,-250.137405,101.954201,-143.503815
1361384488.087823209,1.386719,0.425049,-1.209229,-0.225586,-231.175568,66.488548,-136.725189
1361384488.089654264,1.240723,0.552002,-1.195557,-0.228516,-198.648849,26.488550,-143.954193
1361384488.091485319,1.333496,0.499268,-0.791260,-0.227539,-181.938934,25.778625,-139.099243
1361384488.093346892,1.283691,0.593750,-0.725830,-0.226562,-175.778625,42.503819,-132.839691
1361384488.095208464,1.363770,0.546631,-0.788086,-0.226562,-157.267181,39.809162,-123.946564
1361384488.097070036,1.282959,0.474609,-0.900391,-0.226562,-143.404587,41.709923,-108.847328
1361384488.098901091,1.240723,0.630859,-0.896729,-0.225586,-133.908401,47.145039,-105.206108
1361384488.100762664,1.349121,0.617188,-0.778809,-0.226562,-125.633591,52.160305,-99.213737
1361384488.102624236,1.259521,0.570557,-1.229004,-0.225586,-111.106873,22.038168,-87.992363
1361384488.104485808,1.283203,0.669434,-1.275146,-0.228516,-88.938934,-17.603054,-88.564888
1361384488.106347380,1.277100,0.590820,-0.879395,-0.227539,-76.603050,-12.045801,-77.244278
1361384488.108208952,1.300293,0.584717,-0.817627,-0.227539,-69.343513,6.854962,-56.381680
1361384488.110040007,1.357422,0.644775,-0.869629,-0.226562,-56.366413,18.473282,-40.045803
1361384488.111901580,1.275146,0.545166,-0.782715,-0.227539,-45.099236,28.167938,-23.419847
1361384488.113763152,1.279297,0.594238,-1.364990,-0.226562,-33.603054,0.572519,-12.145039
1361384488.115624724,1.312012,0.494141,-1.199707,-0.227539,-15.488549,-12.328244,0.465649
1361384488.117486296,1.351318,0.527588,-1.110596,-0.226562,-4.038168,-4.572519,11.893129
1361384488.119347869,1.331299,0.624756,-1.163818,-0.227539,5.885496,-6.091603,18.702290
1361384488.121178924,1.334717,0.616699,-1.029785,-0.226562,18.625954,-9.244275,27.778625
1361384488.123040496,1.387939,0.573242,-0.945801,-0.225586,34.267174,-4.229008,39.610687
1361384488.124902068,1.409180,0.663086,-0.945068,-0.226562,53.145039,-5.442748,40.694656
1361384488.126763640,1.375977,0.611816,-1.140869,-0.227539,66.770996,-26.458015,43.778625
1361384488.128655730,1.434082,0.515381,-1.105225,-0.226562,91.801529,-38.290077,52.267174
1361384488.130517302,1.401367,0.468262,-1.080811,-0.225586,105.641220,-39.603054,59.618320
1361384488.132378875,1.302490,0.496826,-1.115479,-0.228516,129.671753,-55.725189,63.396946
1361384488.134240447,1.341797,0.472412,-1.064209,-0.227539,139.053436,-59.167938,66.748093
1361384488.136071501,1.296387,0.446045,-1.095459,-0.228516,150.083969,-64.900764,77.526718
1361384488.137933074,1.213379,0.385742,-1.115723,-0.225586,164.679382,-81.328247,94.732826
1361384488.139794646,1.301758,0.413330,-1.054443,-0.226562,172.679382,-80.923668,113.435112
1361384488.141656219,1.223145,0.412842,-0.929688,-0.227539,170.977097,-66.305344,127.687019
1361384488.143517791,1.170166,0.657471,-0.857666,-0.226562,161.061066,-60.045803,121.969467
1361384488.145379363,1.008545,0.182861,-0.830322,-0.225586,179.381683,-70.587784,142.488556
1361384488.147210418,1.063965,0.245605,-0.806152,-0.226562,186.603058,-67.580154,150.885498
1361384488.149071990,1.118408,0.403564,-0.886475,-0.225586,183.099243,-68.404579,130.282440
1361384488.150933563,0.881592,0.270752,-1.019287,-0.228516,182.076340,-83.343513,124.076332
1361384488.152795135,0.850830,0.433838,-1.106445,-0.226562,188.137405,-111.351143,119.213737
1361384488.154656707,0.866455,0.343750,-0.400879,-0.226562,184.488556,-97.480919,115.007637
1361384488.156518279,0.733154,0.273682,-0.629150,-0.227539,180.694656,-100.122139,108.366409
1361384488.158349334,0.760010,0.370117,-0.722656,-0.227539,175.503815,-108.290077,92.328247
1361384488.160271942,0.479004,0.219727,-0.544189,-0.227539,157.946564,-91.526718,98.595421
1361384488.162133514,0.539062,0.064209,-0.411865,-0.226562,139.381683,-66.236641,113.114502
1361384488.163995087,0.675537,0.070557,-0.723145,-0.227539,144.564880,-81.068703,121.824425
1361384488.165826141,0.660889,0.160400,-0.343994,-0.228516,164.488556,-73.557251,106.267174
1361384488.167687713,0.567383,0.090332,-0.482178,-0.228516,154.709930,-64.244278,100.267174
1361384488.169549286,0.483398,0.068604,-0.543457,-0.226562,150.748093,-69.564888,105.381676
1361384488.171410858,0.549072,-0.124512,-0.604248,-0.227539,147.473282,-73.587784,110.580154
1361384488.173272430,0.471436,0.007080,-0.869873,-0.227539,145.625961,-86.030533,101.251907
1361384488.175134003,0.393555,-0.042969,-0.444092,-0.226562,139.511444,-65.038170,98.076332
1361384488.176965057,0.485352,-0.086914,-0.391602,-0.225586,119.458015,-33.068703,101.984734
1361384488.178826629,0.565674,-0.010498,-0.808594,-0.226562,115.847328,-48.297710,94.251907
1361384488.180688202,0.504395,-0.179199,-0.584473,-0.225586,128.847336,-54.259541,91.717560
1361384488.182549774,0.562012,-0.117432,-0.439209,-0.226562,116.503815,-19.954199,94.984734
1361384488.184411346,0.517822,-0.205078,-0.558838,-0.227539,105.931297,-7.335878,102.320610
1361384488.186242401,0.506104,-0.080322,-0.837158,-0.226562,114.030533,-28.290077,100.923668
1361384488.188103973,0.495605,-0.036377,-0.794678,-0.225586,116.519081,-37.343510,99.938934
1361384488.189965545,0.666748,0.007568,-0.399414,-0.226562,116.786263,-20.755726,95.633591
1361384488.191827118,0.620605,0.004639,-0.491211,-0.227539,107.839691,-4.526718,103.603050
1361384488.193688690,0.617188,0.146729,-0.798096,-0.228516,89.030533,-2.511450,106.129768
1361384488.195550262,0.428467,0.081299,-0.643066,-0.227539,83.251907,-6.984733,108.740456
1361384488.197411835,0.645020,0.070557,-0.662354,-0.226562,67.366409,4.793893,109.190842
1361384488.199242889,0.510010,-0.122803,-0.457031,-0.225586,56.648853,24.954199,115.923668
1361384488.201104462,0.678711,-0.152100,-0.710449,-0.226562,51.114502,24.335878,115.122139
1361384488.202966034,0.630127,0.047852,-0.852051,-0.227539,47.625954,10.908397,102.832062
1361384488.204827607,0.583740,-0.104492,-0.743652,-0.228516,45.671757,4.809160,97.007637
1361384488.206689179,0.749756,-0.083984,-0.355469,-0.226562,42.137405,29.458015,96.076332
1361384488.208520233,0.602783,-0.033936,-0.655273,-0.225586,27.396946,47.778625,103.183205
1361384488.210381806,0.651367,0.006104,-0.732422,-0.226562,23.229008,35.083969,103.900764
1361384488.212243378,0.709473,-0.144287,-0.807617,-0.227539,26.465649,27.671755,109.022903
1361384488.214104951,0.638184,-0.174316,-0.429932,-0.226562,32.068703,45.801525,116.137405
1361384488.215966523,0.880371,-0.095459,-0.625977,-0.227539,38.870228,45.282444,114.893127
1361384488.217828095,0.676514,-0.092773,-0.810791,-0.226562,48.083969,31.503817,114.824425
1361384488.219659150,0.634277,-0.007812,-0.827148,-0.227539,54.580154,11.671756,106.816795
1361384488.221520722,0.726562,-0.004150,-0.553955,-0.226562,60.862595,8.969465,99.244278
1361384488.223382295,0.688721,-0.021729,-0.497559,-0.227539,57.290077,21.297710,93.381676
1361384488.225243867,0.723389,-0.003662,-0.374268,-0.228516,54.030533,34.480915,91.335876
1361384488.227105439,0.730225,-0.051514,-0.756104,-0.225586,41.885498,27.106871,89.786263
1361384488.228936494,0.709229,-0.075928,-0.753174,-0.226562,39.748093,18.259542,87.648857
1361384488.230798066,0.630371,-0.160645,-0.836914,-0.227539,31.816793,16.694656,96.175575
1361384488.232659638,0.721924,-0.167236,-0.760254,-0.226562,28.519083,22.618320,91.007637
1361384488.234521210,0.470703,-0.446289,-0.335205,-0.227539,52.480915,26.465649,102.748093
1361384488.236352265,0.603027,-0.114502,-0.512939,-0.224609,45.244274,47.488548,88.274811
1361384488.238213837,0.700439,-0.093750,-0.687256,-0.226562,35.198475,40.824429,91.534348
1361384488.240075409,0.451416,0.018555,-0.669434,-0.224609,49.030533,26.541985,77.618324
1361384488.241936982,0.501465,-0.203369,-0.546631,-0.228516,48.717556,17.236641,61.885498
1361384488.243798554,0.567139,-0.357910,-0.402832,-0.227539,65.740456,12.389313,64.480919
1361384488.245660126,0.543945,0.067139,-0.462646,-0.226562,66.969467,15.580153,36.030533
1361384488.247521699,0.367188,-0.539307,-0.697510,-0.225586,65.618324,4.343512,36.511452
1361384488.249352753,0.458496,0.040039,-0.767578,-0.226562,74.519081,-36.732826,25.129770
1361384488.251244844,0.265137,-0.531250,-0.453857,-0.227539,82.992363,-51.862595,18.328245
1361384488.253106416,0.396240,-0.535156,-0.173096,-0.226562,80.977097,-19.564886,33.656490
1361384488.254967988,0.459473,-0.286865,-0.210205,-0.225586,79.526718,-8.435115,16.984734
1361384488.256829560,0.240723,-0.423096,-0.599854,-0.224609,84.534348,-31.725191,19.595419
1361384488.258660615,0.274658,-0.288330,-0.321777,-0.227539,89.717560,-31.404581,15.206107
1361384488.260522188,0.161865,-0.355225,-0.405029,-0.226562,86.801529,-30.526718,2.877863
1361384488.262383760,0.080078,-0.596191,-0.251221,-0.225586,90.992363,-26.984734,10.770992
1361384488.264245332,0.179688,-0.611816,-0.192627,-0.228516,95.908394,-11.061069,2.725191
1361384488.266106905,-0.003174,-0.599365,-0.430664,-0.225586,98.251907,-11.748092,0.633588
1361384488.267937959,-0.083740,-0.608643,-0.409668,-0.226562,90.923668,-10.778625,-2.748092
1361384488.269799531,-0.030518,-0.664551,-0.374268,-0.227539,76.526718,1.725191,-6.969466
1361384488.271661104,0.000977,-0.743896,-0.109863,-0.228516,68.931297,28.274809,-9.572519
1361384488.273522677,0.049561,-0.453857,-0.156982,-0.227539,60.190838,42.251907,-25.183207
1361384488.275384249,0.077393,-0.497803,-0.418945,-0.226562,53.931297,29.000000,-36.106869
1361384488.277245821,0.168213,-0.496582,-0.399902,-0.227539,43.572517,26.045801,-31.931297
1361384488.279076875,0.310791,-0.263916,-0.282715,-0.226562,36.496181,35.145039,-44.022900
1361384488.280938448,0.335205,-0.433594,-0.343750,-0.228516,19.648855,39.236641,-44.534351
1361384488.282800021,0.400879,-0.319092,-0.443359,-0.227539,9.488549,48.351147,-50.977100
1361384488.284661593,0.536865,-0.369873,-0.489990,-0.226562,-9.030535,57.312977,-59.755726
1361384488.286523165,0.519775,-0.174316,-0.583252,-0.225586,-19.053434,52.709923,-72.366409
1361384488.288384737,0.782227,-0.641602,-0.597656,-0.226562,-28.030535,56.129772,-62.954197
1361384488.290276828,0.731689,-0.199707,-1.286621,-0.224609,-36.557251,21.106871,-59.557251
1361384488.292138400,0.488770,0.141357,-1.036133,-0.225586,-40.259541,-23.755726,-108.236641
1361384488.293969455,0.694824,-0.071777,-0.698242,-0.227539,-79.572517,-21.335878,-127.381676
1361384488.295831027,1.024658,0.109863,-0.065674,-0.226562,-95.160309,20.534351,-142.022903
1361384488.297692599,0.556152,-0.075684,-0.641357,-0.225586,-125.702293,20.435114,-140.099243
1361384488.299554171,0.748779,0.060547,-0.709717,-0.228516,-118.312981,-2.167939,-154.160309
1361384488.301415744,0.871826,-0.028564,-0.222168,-0.229492,-118.977097,26.648855,-165.572525
1361384488.303277316,0.698730,-0.105225,-0.404785,-0.226562,-127.068703,45.557251,-161.618317
1361384488.305108371,0.885742,-0.369141,-0.665771,-0.227539,-128.969467,36.221375,-145.190842
1361384488.306969943,0.710205,-0.121826,-0.580322,-0.226562,-124.290077,37.671757,-128.435120
1361384488.308831515,0.739258,0.556885,-0.267822,-0.225586,-136.877869,59.664124,-148.183212
1361384488.310693087,0.703125,0.262939,-0.554688,-0.226562,-162.748093,52.755726,-148.198471
1361384488.312554659,0.715820,0.296143,-0.622803,-0.227539,-175.641220,40.938931,-152.267181
1361384488.314416232,0.775391,0.263672,-0.585205,-0.226562,-204.984726,46.099236,-169.900757
1361384488.316277804,0.895752,0.648438,-0.087402,-0.225586,-231.068695,80.381676,-208.381683
1361384488.318108858,0.699463,0.489990,-1.088623,-0.226562,-250.137405,44.694656,-224.022903
1361384488.319970431,0.879639,0.309082,-0.588135,-0.227539,-250.137405,17.770992,-240.648849
1361384488.321832004,0.952637,0.261475,-0.372803,-0.226562,-250.137405,51.328243,-250.137405
1361384488.323693576,1.018311,0.337158,-0.322754,-0.226562,-250.137405,55.877861,-250.137405
1361384488.325555148,0.927246,-0.014648,-0.784668,-0.226562,-250.137405,44.229008,-250.137405
1361384488.327416720,1.121826,0.175537,-0.333496,-0.227539,-250.137405,47.221375,-250.137405
1361384488.329278292,1.060547,-0.000732,-1.016357,-0.226562,-250.137405,5.694656,-250.137405
1361384488.331109348,0.795410,0.354248,-1.049316,-0.227539,-235.900757,-26.526718,-250.137405
1361384488.332970920,0.870850,0.191162,-0.280029,-0.227539,-208.610687,-10.648855,-250.137405
1361384488.334832492,1.299561,-0.545166,-0.345703,-0.226562,-202.519089,39.725189,-250.137405
1361384488.336694064,1.005615,0.319336,-1.290283,-0.225586,-180.717560,21.183207,-228.480911
1361384488.338555637,0.950195,0.547852,-1.607666,-0.228516,-149.519089,-60.870228,-235.748093
1361384488.340386692,1.263672,0.097900,-0.899658,-0.225586,-142.641220,-49.244274,-212.053436
1361384488.342248264,1.227051,0.171875,-0.330566,-0.228516,-147.648849,22.870230,-183.129776
1361384488.344109836,1.400635,0.066895,-1.037842,-0.227539,-110.908394,15.702291,-172.022903
1361384488.345971408,1.334473,-0.226074,-1.804932,-0.226562,-73.923668,-39.183205,-142.083969
1361384488.347832981,1.622070,-0.333496,-1.110596,-0.227539,-27.099237,-34.618320,-114.320610
1361384488.349694553,1.402100,0.039307,-1.055420,-0.226562,-25.885496,30.679390,-100.022903
1361384488.351525608,1.043213,0.582031,-2.000000,-0.227539,-43.801525,-8.496183,-107.213737
1361384488.353387180,1.251465,0.346680,-1.724854,-0.226562,-43.854961,-40.702290,-104.129768
1361384488.355248752,1.505371,0.413086,-1.047852,-0.225586,-44.862595,-10.389313,-99.931297
1361384488.357110325,1.315186,0.414551,-1.107910,-0.226562,-43.259541,2.343511,-94.114502
1361384488.358941379,1.230957,0.533447,-1.254150,-0.225586,-60.106869,1.480916,-83.931297
1361384488.360802951,1.251221,0.432861,-1.025146,-0.226562,-81.625954,25.587786,-65.641220
1361384488.362664524,1.357422,0.368652,-1.020996,-0.227539,-81.305344,43.755726,-49.755726
1361384488.364526096,1.306885,0.548584,-1.169922,-0.226562,-61.534351,30.061069,-47.931297
1361384488.366387668,1.265625,0.517822,-1.334229,-0.226562,-45.374046,1.450382,-46.816795
1361384488.368249240,1.169678,0.458740,-1.123779,-0.225586,-33.854961,0.664122,-37.709923
1361384488.370110812,1.208252,0.452148,-0.964600,-0.226562,-28.763359,10.862596,-26.328245
1361384488.371972385,1.181885,0.427490,-1.007080,-0.227539,-14.946565,10.335877,-15.992367
1361384488.373833958,1.203369,0.427002,-1.005371,-0.228516,-2.007634,12.114504,-8.847328
1361384488.375695530,1.134277,0.422363,-1.005371,-0.225586,6.580153,13.664123,-1.923664
1361384488.377526584,1.122559,0.460205,-1.082031,-0.224609,12.793893,5.290076,1.748092
1361384488.379388156,1.131592,0.458008,-1.146973,-0.227539,18.801527,-11.389313,2.175573
1361384488.381249729,1.110107,0.427246,-1.064453,-0.226562,26.366413,-15.175572,5.801527
1361384488.383111302,1.173340,0.395508,-0.952148,-0.225586,32.595421,-12.847328,10.145039
1361384488.384972874,1.111328,0.378174,-1.079102,-0.226562,47.977100,-20.175573,14.320611
1361384488.386803928,1.135986,0.325928,-0.878418,-0.227539,56.404579,-13.809160,24.030535
1361384488.388665501,1.167236,0.400391,-0.846436,-0.224609,69.549622,-7.175572,28.625954
1361384488.390527074,1.093262,0.332275,-0.911377,-0.227539,78.251907,-1.022901,39.709923
1361384488.392388646,1.081787,0.435547,-1.068359,-0.226562,75.381676,-8.045801,55.236641
1361384488.394250218,1.022461,0.391846,-1.102783,-0.226562,78.404579,-28.664122,64.885498
1361384488.396081273,1.001221,0.482910,-0.802246,-0.228516,86.137405,-20.427481,73.702293
1361384488.397942845,1.024170,0.446289,-0.697021,-0.227539,77.458015,-9.671756,80.305344
1361384488.399804417,0.974365,0.538086,-0.874756,-0.226562,82.328247,-24.740458,74.809158
1361384488.401727025,0.940430,0.507568,-0.895264,-0.227539,73.404579,-33.610687,72.114502
1361384488.403588597,1.036621,0.532715,-0.956299,-0.224609,63.587788,-43.854961,53.022900
1361384488.405419652,1.034424,0.249268,-0.765869,-0.227539,66.801529,-44.076336,52.786259
1361384488.407281224,0.941895,0.323486,-1.150146,-0.224609,62.725189,-58.496181,57.053436
1361384488.409142796,0.922119,0.340820,-1.080566,-0.228516,65.236641,-68.786263,61.297710
1361384488.411004369,0.998779,0.325684,-0.719971,-0.226562,57.145039,-47.374046,69.725189
1361384488.412865941,0.962158,0.393311,-0.783691,-0.227539,54.152672,-39.847328,75.702293
1361384488.414727514,0.875000,0.251953,-0.949219,-0.224609,47.358780,-43.687023,90.854965
1361384488.416558568,1.023193,0.370361,-0.498291,-0.227539,65.526718,-32.694656,87.442749
1361384488.418420140,0.929688,0.245117,-0.867920,-0.228516,69.061066,-34.847328,88.816795
1361384488.420281713,0.867920,0.188232,-1.015869,-0.225586,78.122139,-53.671757,91.251907
1361384488.422143286,0.900635,0.101074,-0.752686,-0.226562,89.900764,-50.229008,87.328247
1361384488.424004858,0.864502,0.103027,-0.710449,-0.228516,98.389313,-40.801525,79.832062
1361384488.425866430,0.752930,0.124023,-0.678955,-0.227539,103.183205,-27.442749,76.885498
1361384488.427728002,0.905273,-0.190918,-0.853027,-0.228516,111.030533,-25.366413,97.877861
1361384488.429589574,0.839600,0.015137,-0.962158,-0.225586,126.786263,-29.229008,107.725189
1361384488.431420630,0.893311,-0.078125,-0.810791,-0.226562,134.648849,-20.213741,118.847328
1361384488.433282202,1.010254,0.071045,-0.945068,-0.227539,139.129776,-21.969465,131.809158
1361384488.435143774,0.905518,-0.005615,-0.754639,-0.226562,144.778625,-13.083969,156.580154
1361384488.437005346,0.928467,0.113281,-0.711670,-0.225586,136.961838,11.870229,172.419846
1361384488.438866918,0.961182,0.177490,-0.781738,-0.226562,130.748093,14.732824,175.045807
1361384488.440697974,0.854248,0.229980,-0.911865,-0.225586,134.465652,-3.541985,174.885498
1361384488.442559546,0.833252,0.271484,-0.896484,-0.226562,120.297707,-13.732824,170.404587
1361384488.444421118,0.824951,0.403076,-0.887939,-0.229492,111.633591,-31.671755,154.106873
1361384488.446282690,0.745850,0.169678,-0.614014,-0.228516,119.435112,-41.114502,145.213745
1361384488.448144263,0.745361,0.324951,-0.539062,-0.227539,114.458015,-36.534351,139.091599
1361384488.449975317,0.668945,0.163818,-0.647461,-0.228516,98.473282,-34.442749,132.236649
1361384488.451867408,0.614014,0.192383,-0.739502,-0.226562,95.938934,-52.610687,126.870232
1361384488.453698462,0.623291,0.210449,-0.728516,-0.228516,98.038170,-63.656490,117.221375
1361384488.455560035,0.614746,0.136475,-0.247314,-0.225586,100.099236,-42.625954,116.015266
1361384488.457421607,0.512939,-0.064453,-0.419189,-0.228516,91.061066,-31.358778,127.251907
1361384488.459283179,0.450439,0.153809,-0.442139,-0.227539,93.473282,-32.656490,122.312981
1361384488.461144752,0.388428,-0.040527,-0.460449,-0.227539,92.213737,-30.450382,126.557251
1361384488.463006324,0.401855,-0.032959,-0.538574,-0.226562,82.923668,-24.679390,128.900757
1361384488.464867896,0.431396,-0.172119,-0.336182,-0.227539,85.091606,-16.854961,134.969467
1361384488.466698951,0.458496,-0.125977,-0.378662,-0.226562,80.290077,-1.526718,133.007629
1361384488.468560523,0.388184,-0.102539,-0.646484,-0.225586,74.160309,-10.167939,128.458008
1361384488.470422096,0.387695,-0.187256,-0.610107,-0.226562,75.671753,-14.526717,126.916031
1361384488.472283668,0.465332,-0.182617,-0.508789,-0.227539,71.229004,-3.106870,120.396950
1361384488.474145240,0.451172,-0.196045,-0.572266,-0.224609,64.236641,3.358779,116.946564
1361384488.475976295,0.466309,-0.309570,-0.630127,-0.227539,51.251907,13.862596,124.068703
1361384488.477837867,0.527588,-0.253418,-0.656006,-0.226562,40.175571,23.809160,128.083969
1361384488.479699439,0.515381,-0.215576,-0.752930,-0.227539,37.480915,20.335878,126.969467
1361384488.481561012,0.537354,-0.218018,-0.745117,-0.228516,37.007633,17.343512,130.748093
1361384488.483422585,0.639160,-0.306641,-0.581787,-0.227539,35.793892,30.267176,135.694656
1361384488.485284157,0.689697,-0.049805,-0.496826,-0.224609,41.587788,43.099236,130.221375
1361384488.487115211,0.727539,-0.080566,-0.547363,-0.227539,46.152672,43.908398,120.091606
1361384488.488976783,0.832764,-0.191895,-0.594971,-0.226562,56.267174,46.900764,127.961830
1361384488.490838356,0.562500,-0.043457,-0.563477,-0.227539,50.282444,55.694656,117.763359
1361384488.492699928,0.374512,-0.376221,-0.584717,-0.228516,46.305344,67.603050,143.641220
1361384488.494561500,0.728271,0.013916,-0.676270,-0.226562,50.381680,54.290077,133.847336
1361384488.496423072,0.727783,-0.217041,-0.812744,-0.228516,60.320610,45.305344,128.442749
1361384488.498284644,0.702637,-0.202148,-0.458008,-0.226562,62.076336,58.748093,117.885498
1361384488.500115699,0.629639,-0.086914,-0.738525,-0.227539,64.969467,45.099236,96.061066
1361384488.501977272,0.629150,-0.034668,-0.870361,-0.226562,53.061069,33.213741,90.740456
1361384488.503838844,0.589600,-0.024414,-0.544678,-0.225586,56.068703,37.229008,85.335876
1361384488.505700416,0.636475,-0.369141,-0.453369,-0.226562,47.114502,45.442749,95.954201
1361384488.507561988,0.847900,-0.381592,-0.438965,-0.227539,57.274811,52.877861,106.503815
1361384488.509423561,0.774170,-0.369873,-0.476807,-0.226562,79.839691,35.557251,100.114502
1361384488.511254616,0.513672,-0.076660,-0.753662,-0.225586,84.847328,3.000000,90.870232
1361384488.513146706,0.313965,-0.110107,-0.697021,-0.226562,89.389313,-17.893129,80.580154
1361384488.514977760,0.461914,-0.482666,-0.344971,-0.227539,89.541985,-11.832061,85.167938
1361384488.516839333,0.426025,-0.424072,-0.040283,-0.226562,100.305344,9.099236,89.786263
1361384488.518700905,0.275879,-0.487061,-0.304443,-0.225586,97.992363,21.251909,86.053436
1361384488.520562478,0.212402,-0.379150,-0.632568,-0.228516,91.770996,-0.106870,80.290077
1361384488.522424050,0.210449,-0.430420,-0.460938,-0.226562,95.091606,-3.793893,74.419846
1361384488.524255105,0.237549,-0.376709,-0.350098,-0.226562,88.206108,3.366412,63.862595
1361384488.526116677,0.129883,-0.428711,-0.352295,-0.225586,80.320610,12.916031,62.175571
1361384488.527978249,0.185303,-0.419434,-0.256348,-0.224609,71.969467,22.389313,57.885498
1361384488.529839821,0.163086,-0.371338,-0.398682,-0.225586,68.129768,18.229008,50.900764
1361384488.531731912,0.138672,-0.356201,-0.341797,-0.226562,64.145035,19.664122,42.732826
1361384488.533593484,0.197021,-0.343750,-0.270264,-0.225586,58.824429,26.618320,30.267176
1361384488.535455056,0.258545,-0.309814,-0.244141,-0.226562,60.603054,26.480917,15.793893
1361384488.537286111,0.223877,-0.378906,-0.280762,-0.226562,57.396946,23.343512,6.961832
1361384488.539147683,0.186035,-0.333740,-0.643066,-0.224609,53.229008,2.312977,-4.961832
1361384488.541009256,0.233643,-0.239014,-0.322021,-0.223633,54.015266,-3.916031,-17.893129
1361384488.542870828,0.203369,-0.510254,-0.711670,-0.226562,32.435116,-3.847328,-15.312977
1361384488.544701883,0.274658,-0.601807,-0.299561,-0.224609,15.358779,31.022902,-15.793893
1361384488.546563455,0.393066,-0.378418,-0.207764,-0.225586,16.335878,50.763359,-24.045801
1361384488.548425027,0.424561,-0.460938,-0.382812,-0.226562,22.809160,45.282444,-22.641222
1361384488.550286600,0.361328,-0.453613,-0.510986,-0.225586,22.671755,41.946564,-19.748091
1361384488.552148172,0.434082,-0.290283,-0.504150,-0.226562,22.305344,37.213741,-33.832062
1361384488.554009744,0.445068,-0.176758,-0.645020,-0.227539,12.816793,26.458015,-58.297710
1361384488.555871317,0.534912,-0.170898,-0.386230,-0.226562,12.274809,31.778625,-77.038170
1361384488.557732889,0.645996,-0.795166,-0.107666,-0.225586,2.328244,50.877861,-55.755726
1361384488.559563943,0.519043,-0.043701,-1.774902,-0.222656,-19.778625,-32.183205,-73.229004
1361384488.561425516,0.692139,0.011475,-1.112549,-0.225586,-29.847328,-83.305344,-115.076332
1361384488.563287089,0.842285,0.204102,0.106201,-0.226562,-63.893131,-14.198473,-149.244278
1361384488.565148661,0.666504,0.066162,-0.994873,-0.225586,-104.198471,-14.167939,-174.396942
1361384488.567010233,0.712891,0.185547,-0.953125,-0.226562,-93.343513,-72.618324,-185.297714
1361384488.568871805,1.045654,-0.271484,-0.647705,-0.225586,-94.854965,-66.022903,-174.809158
1361384488.570702861,0.896240,-0.130127,-0.423828,-0.228516,-106.244278,-15.206107,-168.122131
1361384488.572564433,0.761719,-0.468262,-0.707031,-0.227539,-134.320618,1.267176,-144.015274
1361384488.574426005,0.726318,0.147461,-0.767578,-0.226562,-125.122139,-12.541985,-157.045807
1361384488.576287577,0.777344,-0.253418,-0.400635,-0.225586,-132.961838,6.702290,-154.503815
1361384488.578149149,1.044189,-0.205811,-0.420654,-0.226562,-138.045807,19.816793,-149.618317
1361384488.579980204,0.802246,0.062256,-0.414307,-0.226562,-123.519081,11.801527,-167.450378
1361384488.581872294,0.870850,0.068848,-0.611572,-0.226562,-127.679390,1.992366,-184.610687
1361384488.583703349,0.783447,0.215332,-0.672363,-0.227539,-153.396942,7.572519,-203.160309
1361384488.585564921,1.005127,-0.099854,-0.658936,-0.225586,-182.358780,18.877863,-200.534348
1361384488.587426493,0.948975,0.495361,-0.748047,-0.226562,-188.030533,12.839695,-219.717560
1361384488.589288066,1.052490,-0.052246,-0.474121,-0.227539,-183.282440,8.793893,-231.847336
1361384488.591149639,1.034424,0.236816,-0.767334,-0.226562,-195.694656,21.725191,-231.778625
1361384488.593011211,0.981934,0.265381,-0.730713,-0.225586,-216.916031,34.435116,-250.137405
1361384488.594842265,0.838135,0.547363,-0.766357,-0.224609,-250.137405,51.351147,-250.137405
1361384488.596703838,1.100830,0.078125,-1.134766,-0.225586,-250.137405,19.244274,-250.137405
1361384488.598565410,1.299561,-0.361572,-0.781982,-0.226562,-232.534348,30.213741,-239.534348
1361384488.600426983,1.144531,-0.212891,-1.153320,-0.227539,-216.908401,22.229008,-220.992371
1361384488.602288555,1.126953,-0.515625,-1.309814,-0.226562,-180.778625,-15.885496,-197.946564
1361384488.604150127,1.162598,-0.317871,-1.160156,-0.227539,-154.557251,-17.969465,-168.213745
1361384488.605981182,1.112549,-0.017578,-0.899170,-0.224609,-134.885498,-14.740458,-154.755722
1361384488.607842754,1.165771,0.108643,-0.946777,-0.226562,-114.038170,-18.320610,-156.923660
1361384488.609704326,0.990967,0.513672,-0.830811,-0.226562,-116.610687,-34.763359,-183.862595
1361384488.611565899,1.164307,0.223389,-0.761963,-0.225586,-113.946564,-0.832061,-187.297714
1361384488.613427471,1.201172,-0.049805,-0.535645,-0.226562,-121.267174,56.740459,-151.748093
1361384488.615258526,1.284668,0.134766,-0.999512,-0.225586,-89.290077,36.160305,-148.404587
1361384488.617120098,1.084961,0.301514,-1.818115,-0.226562,-93.381676,-26.328245,-158.793900
1361384488.618981670,1.114502,-0.037109,-1.175781,-0.227539,-96.076332,-40.328243,-136.755722
1361384488.620843243,1.381592,-0.073975,-0.626953,-0.226562,-78.778625,1.030534,-121.969467
1361384488.622704815,1.340088,-0.239258,-0.637451,-0.228516,-53.427483,16.862595,-100.671753
1361384488.624566388,1.248779,-0.012939,-1.033691,-0.227539,-42.541985,17.770992,-93.312981
1361384488.626397442,1.058105,0.058105,-1.085693,-0.228516,-45.412212,24.183207,-84.740456
1361384488.628259014,1.075684,0.367676,-1.123291,-0.225586,-59.152672,24.099237,-84.992363
1361384488.630120586,1.190430,0.115479,-1.020264,-0.226562,-59.870228,27.076336,-79.832062
1361384488.631982160,1.093750,0.084961,-1.010742,-0.225586,-58.977100,43.366413,-64.938934
1361384488.633843732,1.175781,0.116211,-0.989502,-0.226562,-50.175571,49.748093,-57.000000
1361384488.635705304,1.099121,0.240723,-1.117920,-0.225586,-29.045801,35.030533,-53.931297
1361384488.637566876,1.090576,0.244629,-0.997314,-0.226562,-19.534351,34.702290,-51.160305
1361384488.639428448,1.117676,0.337158,-0.988037,-0.227539,-14.412213,28.564886,-48.984734
1361384488.641290021,1.153076,0.381348,-1.100342,-0.226562,1.435115,13.923664,-47.877861
1361384488.643121076,1.178711,0.302979,-0.961426,-0.225586,2.038168,22.282442,-36.679390
1361384488.644982648,1.152588,0.360352,-1.012451,-0.226562,8.152672,22.427481,-28.022902
1361384488.646844220,1.172119,0.439209,-1.061768,-0.227539,11.198473,16.137405,-26.053434
1361384488.648705792,1.180908,0.434082,-0.973877,-0.224609,7.572519,22.198473,-17.251909
1361384488.650567365,1.170410,0.469727,-0.980713,-0.226562,1.549618,24.480917,-10.381680
1361384488.652398420,1.187012,0.478027,-1.032227,-0.226562,1.824427,14.297709,-3.312977
1361384488.654259992,1.188965,0.379395,-1.021973,-0.225586,7.541985,10.954199,7.251908
1361384488.656121564,1.188232,0.437012,-0.791016,-0.226562,14.404580,18.427481,9.213740
1361384488.657983137,1.088867,0.455811,-0.918701,-0.225586,18.496183,12.129771,9.076336
1361384488.659844709,1.080811,0.384033,-0.956543,-0.226562,20.038168,1.725191,12.137404
1361384488.661736799,1.098633,0.249756,-0.944824,-0.227539,22.931297,-1.274809,17.244274
1361384488.663598372,1.065430,0.254150,-0.698242,-0.228516,30.061069,11.374045,20.206106
1361384488.665459944,0.977051,0.217773,-0.706055,-0.226562,29.740458,22.251909,28.175573
1361384488.667321516,0.977295,0.204102,-0.810303,-0.224609,28.274809,20.137405,39.870228
1361384488.669183088,0.926514,0.180420,-0.897461,-0.227539,26.648855,11.427481,47.419846
1361384488.671014144,0.903320,0.251465,-0.967529,-0.226562,19.442749,-4.534351,43.442749
1361384488.672875716,0.824951,0.127686,-1.242432,-0.227539,6.343512,-40.076336,43.328243
1361384488.674737288,0.757568,0.348633,-0.659180,-0.226562,30.343512,-61.175571,27.419847
1361384488.676598860,0.923340,0.133545,-0.235352,-0.228516,28.587786,-16.351145,32.709923
1361384488.678460432,0.719971,0.233398,-0.757812,-0.225586,15.595420,0.213740,42.305344
1361384488.680322005,0.725098,0.281494,-0.810791,-0.226562,14.167939,-15.305344,46.885498
1361384488.682183577,0.753418,0.127686,-1.010254,-0.223633,0.145038,-22.916031,57.877861
1361384488.684014632,0.799316,0.100586,-0.640137,-0.226562,10.396947,-18.290077,64.748093
1361384488.685876204,0.854492,0.185791,-0.723877,-0.223633,14.183207,-17.312977,71.969467
1361384488.687737776,0.789795,0.127686,-0.619385,-0.226562,22.167938,-16.625954,77.389313
1361384488.689599348,0.791504,0.156738,-0.832031,-0.227539,23.564886,-23.015266,80.862595
1361384488.691460921,0.843018,0.171631,-0.527100,-0.226562,41.190838,-21.793894,84.664124
1361384488.693322493,0.853760,0.260010,-0.550049,-0.225586,50.000000,-10.595420,77.961830
1361384488.695184065,0.810303,0.170898,-0.780273,-0.226562,49.183205,-19.465649,82.557251
1361384488.697015119,0.850098,0.212646,-0.714600,-0.225586,57.763359,-22.908398,83.404579
1361384488.698876692,0.882812,0.197021,-0.608398,-0.226562,62.312977,-17.786259,82.633591
1361384488.700738264,0.811279,0.144287,-0.894043,-0.225586,63.366413,-30.450382,88.725189
1361384488.702599836,0.908691,0.048584,-0.745117,-0.226562,67.748093,-26.877863,100.305344
1361384488.704461408,0.879395,0.198730,-0.762451,-0.225586,67.854965,-17.282442,101.519081
1361384488.706292463,0.890381,0.194580,-0.899170,-0.224609,68.251907,-24.656488,101.061066
1361384488.708154035,0.918213,0.185303,-0.750244,-0.224609,68.183205,-17.534351,105.977097
1361384488.710015607,0.945557,0.109619,-0.751953,-0.224609,65.610687,-5.496183,113.465652
1361384488.711877179,0.939453,0.199707,-0.733887,-0.225586,66.167938,-1.603053,112.190842
1361384488.713738751,0.963623,0.222168,-0.872559,-0.226562,70.404579,-11.122137,107.290077
1361384488.715600323,0.985107,0.080566,-0.848145,-0.225586,72.900764,-16.595419,113.320610
1361384488.717461896,0.971436,0.128418,-0.889893,-0.227539,76.152672,-22.839695,111.129768
1361384488.719323468,0.931885,0.076172,-0.979492,-0.226562,76.854965,-35.061069,109.969467
1361384488.721154522,0.973145,0.059814,-0.655762,-0.225586,84.381676,-32.290077,113.106873
1361384488.723016094,1.020752,0.139893,-0.672363,-0.224609,87.213737,-27.259542,103.931297
1361384488.724877667,0.856445,0.104248,-0.912598,-0.227539,92.244278,-44.610687,103.083969
1361384488.726739239,0.893799,0.058594,-0.763672,-0.226562,92.053436,-44.442749,107.129768
1361384488.728600811,1.124268,0.079346,-0.787109,-0.227539,86.480919,-35.305344,100.030533
1361384488.730431866,0.595703,-0.219727,-0.694580,-0.226562,101.656487,-38.847328,115.229004
1361384488.732293439,1.187012,0.249756,-0.759521,-0.225586,101.145035,-26.244274,105.068703
1361384488.734155011,0.823975,-0.286865,-0.719971,-0.228516,100.793892,-18.732824,117.496185
1361384488.736016583,0.937744,0.055664,-0.632812,-0.225586,104.412216,-11.297709,142.458008
1361384488.737878155,0.944580,-0.007812,-0.948975,-0.226562,100.427483,-29.038168,136.778625
1361384488.739709210,0.839600,-0.107178,-0.694824,-0.225586,115.870232,-30.770992,140.557251
1361384488.741570783,0.982666,-0.108887,-0.520752,-0.226562,114.068703,-14.412213,138.412216
1361384488.743432355,0.822754,0.310547,-0.781006,-0.225586,112.923668,-29.854961,118.969467
1361384488.745293927,0.494385,-0.076904,-0.845703,-0.226562,100.122139,-49.229008,122.709923
1361384488.747155499,0.783203,-0.042969,-0.320068,-0.225586,102.236641,-38.687023,118.709923
1361384488.748986554,0.790039,-0.225342,-0.528809,-0.226562,110.122139,-29.984734,119.015266
1361384488.750848127,0.686768,-0.307373,-0.792969,-0.224609,111.618324,-48.251907,127.679390
1361384488.752709699,0.739746,-0.171387,-0.639648,-0.225586,125.038170,-45.954197,118.732826
1361384488.754571271,0.521484,-0.082275,-0.687012,-0.224609,116.519081,-41.839695,109.946564
1361384488.756432843,0.447266,-0.035889,-0.481201,-0.227539,106.732826,-35.267174,110.343513
1361384488.758294416,0.580078,-0.335693,-0.371338,-0.226562,100.015266,-19.320610,117.816795
1361384488.760155988,0.484131,-0.251709,-0.353760,-0.225586,99.442749,5.297710,123.977097
1361384488.762017561,0.444580,-0.130371,-0.674072,-0.224609,92.297707,-2.648855,109.152672
1361384488.763848615,0.362549,-0.330078,-0.565674,-0.227539,84.625954,-8.061069,111.870232
1361384488.765710188,0.357666,-0.276123,-0.498779,-0.226562,71.679390,-1.954198,114.687019
1361384488.767571760,0.372803,-0.249023,-0.605713,-0.227539,70.938934,-7.442748,107.106873
1361384488.769433332,0.359375,-0.271484,-0.447266,-0.226562,68.282440,-4.145038,102.083969
1361384488.771294905,0.354980,-0.266357,-0.437744,-0.225586,71.160309,-6.290076,98.725189
1361384488.773125960,0.377686,-0.212158,-0.392090,-0.226562,73.427483,-3.938931,91.038170
1361384488.774987532,0.253418,-0.169434,-0.421631,-0.225586,67.732826,-1.152672,83.938934
1361384488.776849104,0.357178,-0.106689,-0.382080,-0.224609,57.458015,7.076336,74.259544
1361384488.778710676,0.337158,-0.223877,-0.439697,-0.226562,52.297710,4.763359,70.824425
1361384488.780572249,0.395264,-0.260254,-0.549805,-0.226562,60.190838,-7.633588,62.374046
1361384488.782403304,0.302490,-0.246582,-0.461182,-0.226562,62.068703,-7.992366,55.786259
1361384488.784234358,0.284424,-0.297119,-0.410156,-0.225586,58.877861,-5.198473,54.465649
1361384488.786065413,0.337891,-0.335205,-0.491455,-0.226562,56.068703,-6.022901,54.022900
1361384488.787896467,0.319092,-0.290283,-0.439209,-0.225586,61.206108,-9.885496,47.870228
1361384488.789697004,0.208740,-0.343018,-0.378662,-0.225586,62.022900,-8.458015,52.038166
1361384488.791558577,0.281006,-0.338623,-0.336670,-0.226562,61.038166,-2.129771,54.259541
1361384488.793420149,0.247314,-0.401123,-0.381104,-0.225586,66.908394,-7.877862,52.709923
1361384488.795251203,0.246826,-0.303467,-0.411865,-0.226562,76.076332,-19.725191,41.152672
